-- MySQL dump 10.13  Distrib 8.0.32, for Win64 (x86_64)
--
-- Host: localhost    Database: dbsim
-- ------------------------------------------------------
-- Server version	8.0.32

/*!40101 SET @OLD_CHARACTER_SET_CLIENT=@@CHARACTER_SET_CLIENT */;
/*!40101 SET @OLD_CHARACTER_SET_RESULTS=@@CHARACTER_SET_RESULTS */;
/*!40101 SET @OLD_COLLATION_CONNECTION=@@COLLATION_CONNECTION */;
/*!50503 SET NAMES utf8mb4 */;
/*!40103 SET @OLD_TIME_ZONE=@@TIME_ZONE */;
/*!40103 SET TIME_ZONE='+00:00' */;
/*!40014 SET @OLD_UNIQUE_CHECKS=@@UNIQUE_CHECKS, UNIQUE_CHECKS=0 */;
/*!40014 SET @OLD_FOREIGN_KEY_CHECKS=@@FOREIGN_KEY_CHECKS, FOREIGN_KEY_CHECKS=0 */;
/*!40101 SET @OLD_SQL_MODE=@@SQL_MODE, SQL_MODE='NO_AUTO_VALUE_ON_ZERO' */;
/*!40111 SET @OLD_SQL_NOTES=@@SQL_NOTES, SQL_NOTES=0 */;

--
-- Table structure for table `classroom`
--

DROP TABLE IF EXISTS `classroom`;
/*!40101 SET @saved_cs_client     = @@character_set_client */;
/*!50503 SET character_set_client = utf8mb4 */;
CREATE TABLE `classroom` (
  `building` varchar(20) NOT NULL,
  `room_number` int NOT NULL,
  `capacity` int NOT NULL,
  PRIMARY KEY (`building`,`room_number`)
) ENGINE=InnoDB DEFAULT CHARSET=utf8mb4 COLLATE=utf8mb4_0900_ai_ci;
/*!40101 SET character_set_client = @saved_cs_client */;

--
-- Dumping data for table `classroom`
--

LOCK TABLES `classroom` WRITE;
/*!40000 ALTER TABLE `classroom` DISABLE KEYS */;
INSERT INTO `classroom` VALUES ('一教A',101,125),('一教A',102,125),('一教A',103,125),('一教A',104,85),('一教A',105,40),('一教A',106,125),('一教A',201,125),('一教A',202,85),('一教A',203,85),('一教A',204,125),('一教A',205,85),('一教A',206,40),('一教A',301,125),('一教A',302,40),('一教A',303,125),('一教A',304,65),('一教A',305,125),('一教A',306,40),('一教A',401,85),('一教A',402,85),('一教A',403,65),('一教A',404,125),('一教A',405,65),('一教A',406,40),('一教A',501,40),('一教A',502,65),('一教A',503,40),('一教A',504,85),('一教A',505,125),('一教A',506,65),('一教D',101,40),('一教D',102,40),('一教D',103,125),('一教D',104,85),('一教D',105,65),('一教D',106,125),('一教D',201,65),('一教D',202,65),('一教D',203,65),('一教D',204,65),('一教D',205,85),('一教D',206,125),('一教D',301,40),('一教D',302,125),('一教D',303,65),('一教D',304,40),('一教D',305,125),('一教D',306,125),('一教D',401,85),('一教D',402,40),('一教D',403,65),('一教D',404,125),('一教D',405,65),('一教D',406,125),('一教D',501,85),('一教D',502,65),('一教D',503,125),('一教D',504,40),('一教D',505,125),('一教D',506,65),('综合楼B',101,125),('综合楼B',102,85),('综合楼B',103,125),('综合楼B',104,125),('综合楼B',105,65),('综合楼B',106,125),('综合楼B',201,125),('综合楼B',202,65),('综合楼B',203,85),('综合楼B',204,85),('综合楼B',205,40),('综合楼B',206,125),('综合楼B',301,125),('综合楼B',302,65),('综合楼B',303,125),('综合楼B',304,65),('综合楼B',305,40),('综合楼B',306,85),('综合楼B',401,125),('综合楼B',402,125),('综合楼B',403,85),('综合楼B',404,125),('综合楼B',405,85),('综合楼B',406,40),('综合楼B',501,65),('综合楼B',502,125),('综合楼B',503,85),('综合楼B',504,40),('综合楼B',505,65),('综合楼B',506,125),('综合楼C',101,65),('综合楼C',102,40),('综合楼C',103,85),('综合楼C',104,85),('综合楼C',105,40),('综合楼C',106,85),('综合楼C',201,125),('综合楼C',202,40),('综合楼C',203,65),('综合楼C',204,125),('综合楼C',205,65),('综合楼C',206,125),('综合楼C',301,125),('综合楼C',302,40),('综合楼C',303,65),('综合楼C',304,65),('综合楼C',305,125),('综合楼C',306,65),('综合楼C',401,65),('综合楼C',402,85),('综合楼C',403,65),('综合楼C',404,40),('综合楼C',405,125),('综合楼C',406,40),('综合楼C',501,125),('综合楼C',502,40),('综合楼C',503,85),('综合楼C',504,65),('综合楼C',505,65),('综合楼C',506,125);
/*!40000 ALTER TABLE `classroom` ENABLE KEYS */;
UNLOCK TABLES;

--
-- Table structure for table `course`
--

DROP TABLE IF EXISTS `course`;
/*!40101 SET @saved_cs_client     = @@character_set_client */;
/*!50503 SET character_set_client = utf8mb4 */;
CREATE TABLE `course` (
  `course_id` int NOT NULL,
  `title` varchar(100) NOT NULL,
  `credits` int NOT NULL,
  `dept_name` varchar(30) DEFAULT NULL,
  PRIMARY KEY (`course_id`),
  KEY `course_FK` (`dept_name`),
  CONSTRAINT `course_FK` FOREIGN KEY (`dept_name`) REFERENCES `department` (`dept_name`) ON DELETE CASCADE ON UPDATE CASCADE,
  CONSTRAINT `course_check` CHECK (((`course_id` >= 100000000) and (`course_id` <= 999999999)))
) ENGINE=InnoDB DEFAULT CHARSET=utf8mb4 COLLATE=utf8mb4_0900_ai_ci;
/*!40101 SET character_set_client = @saved_cs_client */;

--
-- Dumping data for table `course`
--

LOCK TABLES `course` WRITE;
/*!40000 ALTER TABLE `course` DISABLE KEYS */;
INSERT INTO `course` VALUES (100000001,'金融工程',3,'经济学院'),(100000002,'资产评估学',3,'经济学院'),(100000003,'财务管理',3,'经济学院'),(100000004,'保险学',3,'经济学院'),(100000005,'国际贸易',2,'经济学院'),(100000006,'会计学',3,'经济学院'),(110000001,'古代汉语',3,'历史文化学院'),(110000002,'考古技术',4,'历史文化学院'),(110000003,'民俗学概论',2,'历史文化学院'),(110000004,'旅游业质量管理',3,'历史文化学院'),(110000005,'历史人类学',2,'历史文化学院'),(120000001,'大学化学',4,'化学学院'),(120000002,'有机化学',6,'化学学院'),(120000003,'物理化学',5,'化学学院'),(120000004,'结构化学',3,'化学学院'),(120000005,'化学原理',4,'化学学院'),(130000001,'C++语言程序设计',5,'计算机学院'),(130000002,'数字逻辑',3,'计算机学院'),(130000003,'计算机控制技术',3,'计算机学院'),(130000004,'离散数学',5,'计算机学院'),(130000005,'汇编语言',4,'计算机学院'),(130000006,'计算机组成原理',3,'计算机学院'),(130000007,'操作系统原理',4,'计算机学院'),(130000008,'UNIX操作系统',3,'计算机学院'),(130000009,'计算机网络',4,'计算机学院'),(130000010,'数据库系统原理',4,'计算机学院'),(130000011,'现代软件工程',3,'计算机学院'),(140000001,'程序设计基础',3,'软件学院'),(140000002,'数字逻辑',3,'软件学院'),(140000003,'离散数学',5,'软件学院'),(140000004,'面向对象程序设计',4,'软件学院'),(140000005,'计算机组成原理',3,'软件学院'),(140000006,'操作系统',4,'软件学院'),(140000007,'数据结构与算法',3,'软件学院'),(140000008,'计算机网络',4,'软件学院'),(140000009,'数据库系统与信息管理',4,'软件学院'),(140000010,'软件工程导论',3,'软件学院'),(200000001,'大学英语',4,'外国语学院'),(200000002,'大学日语',4,'外国语学院'),(200000003,'大学法语',4,'外国语学院'),(200000004,'大学俄语',4,'外国语学院'),(200000005,'大学西班牙语',4,'外国语学院'),(300000001,'微积分',5,'数学学院'),(300000002,'线性代数',4,'数学学院'),(300000003,'概率论与数理统计',4,'数学学院'),(300000004,'数学分析',5,'数学学院'),(300000005,'复变函数',4,'数学学院'),(300000006,'泛函分析',4,'数学学院'),(300000007,'数值计算',4,'数学学院'),(400000001,'生态学',3,'生命科学学院'),(400000002,'免疫学',2,'生命科学学院'),(400000003,'基因工程',3,'生命科学学院'),(400000004,'进化生物学',3,'生命科学学院'),(400000005,'生物化工',4,'生命科学学院'),(500000001,'大学体育',2,'体育学院'),(500000002,'体育学',3,'体育学院'),(600000001,'法律文书',2,'法学院'),(600000002,'公务员法',2,'法学院'),(600000003,'经济法',3,'法学院'),(600000004,'民法总论',4,'法学院'),(600000005,'行政法',2,'法学院'),(600000006,'刑事诉讼法',3,'法学院'),(700000001,'大学物理',3,'物理学院'),(700000002,'数学物理方法',4,'物理学院'),(700000003,'固体物理',4,'物理学院'),(700000004,'力学',3,'物理学院'),(700000005,'光学',4,'物理学院'),(700000006,'电动力学',3,'物理学院'),(700000007,'量子场论',4,'物理学院'),(800000001,'数字电子技术',4,'电子信息学院'),(800000002,'模拟电子技术',4,'电子信息学院'),(800000003,'电磁场与微波技术',5,'电子信息学院'),(800000004,'信息对抗技术',2,'电子信息学院'),(800000005,'软件工程',3,'电子信息学院'),(800000006,'数字信号处理',3,'电子信息学院'),(900000001,'文学概论',3,'文学与新闻学院'),(900000002,'现代汉语',4,'文学与新闻学院'),(900000003,'新闻评论',4,'文学与新闻学院'),(900000004,'大众传播学',2,'文学与新闻学院'),(900000005,'中国当代散文',2,'文学与新闻学院'),(990000001,'思想道德修养与法律基础',3,'马克思主义学院'),(990000002,'中国近现代史纲要',3,'马克思主义学院'),(990000003,'马克思主义基本原理概论',3,'马克思主义学院'),(990000004,'毛泽东思想和中国特色社会主义理论体系概论',3,'马克思主义学院'),(990000005,'习近平新时代中国特色社会主义思想概论',3,'马克思主义学院'),(990000006,'形势与政策',3,'马克思主义学院'),(990000007,'西方经济学',2,'马克思主义学院'),(990000008,'中国政治思想史',3,'马克思主义学院');
/*!40000 ALTER TABLE `course` ENABLE KEYS */;
UNLOCK TABLES;

--
-- Table structure for table `department`
--

DROP TABLE IF EXISTS `department`;
/*!40101 SET @saved_cs_client     = @@character_set_client */;
/*!50503 SET character_set_client = utf8mb4 */;
CREATE TABLE `department` (
  `dept_name` varchar(30) NOT NULL,
  PRIMARY KEY (`dept_name`)
) ENGINE=InnoDB DEFAULT CHARSET=utf8mb4 COLLATE=utf8mb4_0900_ai_ci;
/*!40101 SET character_set_client = @saved_cs_client */;

--
-- Dumping data for table `department`
--

LOCK TABLES `department` WRITE;
/*!40000 ALTER TABLE `department` DISABLE KEYS */;
INSERT INTO `department` VALUES ('体育学院'),('化学学院'),('历史文化学院'),('外国语学院'),('数学学院'),('文学与新闻学院'),('法学院'),('物理学院'),('生命科学学院'),('电子信息学院'),('经济学院'),('计算机学院'),('软件学院'),('马克思主义学院');
/*!40000 ALTER TABLE `department` ENABLE KEYS */;
UNLOCK TABLES;

--
-- Table structure for table `instructor`
--

DROP TABLE IF EXISTS `instructor`;
/*!40101 SET @saved_cs_client     = @@character_set_client */;
/*!50503 SET character_set_client = utf8mb4 */;
CREATE TABLE `instructor` (
  `inst_id` int NOT NULL AUTO_INCREMENT,
  `inst_name` varchar(30) CHARACTER SET utf8mb4 COLLATE utf8mb4_0900_ai_ci NOT NULL,
  `dept_name` varchar(30) CHARACTER SET utf8mb4 COLLATE utf8mb4_0900_ai_ci DEFAULT NULL,
  `inst_passwd` varchar(100) NOT NULL,
  PRIMARY KEY (`inst_id`),
  KEY `instructor_FK` (`dept_name`),
  CONSTRAINT `instructor_FK` FOREIGN KEY (`dept_name`) REFERENCES `department` (`dept_name`) ON DELETE SET NULL ON UPDATE CASCADE
) ENGINE=InnoDB AUTO_INCREMENT=100100 DEFAULT CHARSET=utf8mb4 COLLATE=utf8mb4_0900_ai_ci;
/*!40101 SET character_set_client = @saved_cs_client */;

--
-- Dumping data for table `instructor`
--

LOCK TABLES `instructor` WRITE;
/*!40000 ALTER TABLE `instructor` DISABLE KEYS */;
INSERT INTO `instructor` VALUES (100000,'张静','经济学院','@6XD)eR*rFFU'),(100001,'杨莉','电子信息学院','vH5@m5Xb%4F%'),(100002,'王颖','外国语学院','1e9Iz%2Ly+CE'),(100003,'陈飞','文学与新闻学院',')3baL)ifv5&R'),(100004,'林磊','计算机学院','6!a4FfQd^se!'),(100005,'包桂芳','马克思主义学院','T(7Zll$7VPWS'),(100006,'安浩','外国语学院','T&7Fd$5baqK#'),(100007,'钱兵','物理学院','TpIA^FMh(9Qj'),(100008,'卢想','数学学院','@g74+XFftp8A'),(100009,'吴坤','外国语学院','sIw&*H0ll1Sc'),(100010,'孙红霞','法学院','qcDWCH^s)9t)'),(100011,'陈璐','历史文化学院','9^3BqCP*Rc$&'),(100012,'杨桂兰','体育学院','e^0fiPl7k(mX'),(100013,'姜玉','外国语学院','h1j)VEPc$Y+8'),(100014,'张桂珍','法学院','2wn5Cm$&!!PD'),(100015,'徐平','体育学院','%!66Yq83+uqE'),(100016,'吴晨','数学学院','$G#F_UXjJ2T9'),(100017,'尚洋','马克思主义学院','@s7Zkxc_e4Lt'),(100018,'林静','经济学院','_X+5IvCkd(a@'),(100019,'李军','体育学院','sa0dZIEbV*Eq'),(100020,'林芳','化学学院','BQ)9yNq^G68$'),(100021,'卢辉','软件学院','O7r4waQd_NQ)'),(100022,'谢岩','经济学院','$60CkBiNDAZv'),(100023,'邵瑜','文学与新闻学院','_6MjNQsINHHU'),(100024,'康红梅','物理学院','*qt8cZTbSA2a'),(100025,'戴东','马克思主义学院','Jg^X0lSz@Y)O'),(100026,'孔静','电子信息学院','^!zeQzkfY7Yf'),(100027,'赵冬梅','计算机学院','*1&dg8rizR#M'),(100028,'刘琴','文学与新闻学院','Q%gUjwEvme8b'),(100029,'王雷','计算机学院','@*91jnBz(WUB'),(100030,'王玉华','马克思主义学院','+9e+1*JKjkXr'),(100031,'张秀珍','法学院','93fuW$ef)sqY'),(100032,'区秀荣','经济学院','bf+NImlCYW63'),(100033,'杨兰英','历史文化学院','$eUkZlHhzuW1'),(100034,'王秀兰','数学学院','Gw+4C8ka(56l'),(100035,'李龙','化学学院','71MdCqKHr@#N'),(100036,'杨华','经济学院','jy34Nlds6)gA'),(100037,'高桂英','体育学院','B2PAcEyh#DTs'),(100038,'房楠','生命科学学院','!Uzacv0E5SLu'),(100039,'曲海燕','法学院','_h51mRTri(JG'),(100040,'张丽华','经济学院','DN3^9G&h*6S9'),(100041,'李秀华','法学院','%!O!9GJhKZn4'),(100042,'何桂芳','马克思主义学院','_!IBxj$Tk%7T'),(100043,'周晨','软件学院','H)8P7tS7urxC'),(100044,'李丽娟','法学院','9nJ)QC3f@bCy'),(100045,'钱浩','文学与新闻学院','pZ0Jq7(C0@Gp'),(100046,'罗勇','文学与新闻学院','@9YWms_7TG)m'),(100047,'康斌','化学学院','(3e&^(u1Q7Cv'),(100048,'孙婷','生命科学学院',')8dUJqP8C4CJ'),(100049,'胡东','软件学院','t!YxU%KpA68K'),(100050,'萧凤英','电子信息学院','xSYUnsmZm5I%'),(100051,'张楠','法学院','#OaA1ku26$8A'),(100052,'丁玉','化学学院','+1X2SsNs!gkY'),(100053,'张玉梅','软件学院','+i17cSsRenTT'),(100054,'韩平','马克思主义学院','mi#^XmsuN2EA'),(100055,'赵辉','历史文化学院','*G(kundZp7&V'),(100056,'梁秀梅','数学学院','yN77LKHyL%&F'),(100057,'杨秀梅','马克思主义学院','p8Dg#k8lYFE('),(100058,'薛金凤','体育学院','_PQO0%mWh0Wm'),(100059,'郎瑞','化学学院','%bnv%9Lh24(0'),(100060,'刘冬梅','生命科学学院','1HSEVejw$D8p'),(100061,'程秀芳','文学与新闻学院','n&%hpWVpu%9@'),(100062,'李凤兰','化学学院','BGF0MuKr9!$E'),(100063,'张桂香','文学与新闻学院','wfZsBK9u%8#1'),(100064,'周旭','体育学院','kLp+bSA**7Ho'),(100065,'柏欣','数学学院','Rd*ZCExH93&$'),(100066,'杨林','生命科学学院','5j%U7xwY#0%h'),(100067,'曹丽','马克思主义学院','5A5jq4*H#8It'),(100068,'王颖','马克思主义学院','t2%AH*w)^e(V'),(100069,'李琳','经济学院','j@x&)9Fd2+^_'),(100070,'吕桂芳','化学学院','g@7Hhp2sDtF4'),(100071,'林玉英','物理学院','(EJw!0uL3qNA'),(100072,'张秀云','文学与新闻学院','*fjw!fVwS5CQ'),(100073,'邓伟','数学学院','%6I#oodj13Ki'),(100074,'余畅','数学学院','J#@VDe3lue7Q'),(100075,'何旭','计算机学院','P!00Hgna)2z#'),(100076,'张平','体育学院','j(8ZPd^s@2Z^'),(100077,'赵旭','外国语学院','k+RxC^mB+6bT'),(100078,'陈建平','体育学院','^idT1^wl7UQv'),(100079,'张海燕','计算机学院','p)48kXEich!9'),(100080,'韩建国','历史文化学院','UXQ7LkOjI)^2'),(100081,'杨春梅','电子信息学院','ufn!22Js03HC'),(100082,'黎宇','历史文化学院','_7C(TgzJW#lQ'),(100083,'王桂花','软件学院','Q1ePmDzWf$8B'),(100084,'刘秀华','电子信息学院','*Sg1Pza+2R3J'),(100085,'王秀芳','历史文化学院','B8^leZby!RGW'),(100086,'吕淑兰','计算机学院','f^GE5eBtNLJX'),(100087,'余凤英','物理学院','#J$6IfIzU^l@'),(100088,'李建华','数学学院','298OvFIkh*Z$'),(100089,'游阳','体育学院','^IxNrNrX0n06'),(100090,'姜淑兰','经济学院','qaM+JhkHm+5n'),(100091,'李林','马克思主义学院','s2E*HYqr(z9n'),(100092,'李丽','体育学院','8wEHo9Y+++Ox'),(100093,'穆淑珍','法学院','^64K3XzlP+cN'),(100094,'刘红霞','计算机学院','#9&FxSq%a2R6'),(100095,'胡欢','经济学院','n_8G9esj+qwY'),(100096,'徐兰英','物理学院','&XwGpy@8p6y1'),(100097,'舒萍','电子信息学院','u1EdGm*vk#5_'),(100098,'林晨','马克思主义学院','%YJ9GRx!n++9'),(100099,'魏杰','数学学院','&4ITzwwH!+nP');
/*!40000 ALTER TABLE `instructor` ENABLE KEYS */;
UNLOCK TABLES;

--
-- Table structure for table `major`
--

DROP TABLE IF EXISTS `major`;
/*!40101 SET @saved_cs_client     = @@character_set_client */;
/*!50503 SET character_set_client = utf8mb4 */;
CREATE TABLE `major` (
  `major_name` varchar(30) NOT NULL,
  `dept_name` varchar(30) DEFAULT NULL,
  PRIMARY KEY (`major_name`),
  KEY `major_FK` (`dept_name`),
  CONSTRAINT `major_FK` FOREIGN KEY (`dept_name`) REFERENCES `department` (`dept_name`) ON DELETE CASCADE ON UPDATE CASCADE
) ENGINE=InnoDB DEFAULT CHARSET=utf8mb4 COLLATE=utf8mb4_0900_ai_ci;
/*!40101 SET character_set_client = @saved_cs_client */;

--
-- Dumping data for table `major`
--

LOCK TABLES `major` WRITE;
/*!40000 ALTER TABLE `major` DISABLE KEYS */;
INSERT INTO `major` VALUES ('体育学','体育学院'),('化学','化学学院'),('应用化学','化学学院'),('历史学','历史文化学院'),('旅游管理','历史文化学院'),('考古学','历史文化学院'),('俄语','外国语学院'),('日语','外国语学院'),('法语','外国语学院'),('英语','外国语学院'),('西班牙语','外国语学院'),('信息与计算科学','数学学院'),('数学与应用数学','数学学院'),('统计学','数学学院'),('广告学','文学与新闻学院'),('新闻学','文学与新闻学院'),('汉语言文学','文学与新闻学院'),('网络与新媒体','文学与新闻学院'),('法学','法学院'),('微电子科学与工程','物理学院'),('核工程与核技术','物理学院'),('物理学','物理学院'),('生态学','生命科学学院'),('生物科学','生命科学学院'),('光电信息科学与工程','电子信息学院'),('电子信息工程','电子信息学院'),('通信工程','电子信息学院'),('国民经济管理','经济学院'),('国际经济与贸易','经济学院'),('经济学','经济学院'),('财政学','经济学院'),('金融学','经济学院'),('金融工程','经济学院'),('人工智能','计算机学院'),('物联网工程','计算机学院'),('计算机科学与技术','计算机学院'),('软件工程','软件学院'),('马克思主义理论','马克思主义学院');
/*!40000 ALTER TABLE `major` ENABLE KEYS */;
UNLOCK TABLES;

--
-- Table structure for table `section`
--

DROP TABLE IF EXISTS `section`;
/*!40101 SET @saved_cs_client     = @@character_set_client */;
/*!50503 SET character_set_client = utf8mb4 */;
CREATE TABLE `section` (
  `course_id` int NOT NULL,
  `sec_id` int NOT NULL,
  `semester` varchar(10) NOT NULL,
  `year` int NOT NULL,
  `selected_stu` int DEFAULT NULL,
  `max_stu` int DEFAULT NULL,
  `building` varchar(20) DEFAULT NULL,
  `room_number` int DEFAULT NULL,
  `time_slot_id` int DEFAULT NULL,
  PRIMARY KEY (`course_id`,`sec_id`,`semester`,`year`),
  KEY `sect_classroom_FK` (`building`,`room_number`),
  KEY `sec_time_FK` (`time_slot_id`),
  CONSTRAINT `section_FK` FOREIGN KEY (`course_id`) REFERENCES `course` (`course_id`) ON DELETE CASCADE ON UPDATE CASCADE,
  CONSTRAINT `section_FK_1` FOREIGN KEY (`building`, `room_number`) REFERENCES `classroom` (`building`, `room_number`) ON DELETE SET NULL ON UPDATE CASCADE,
  CONSTRAINT `section_FK_2` FOREIGN KEY (`time_slot_id`) REFERENCES `time_slot` (`time_slot_id`) ON DELETE CASCADE ON UPDATE CASCADE,
  CONSTRAINT `section_check` CHECK ((`selected_stu` <= `max_stu`))
) ENGINE=InnoDB DEFAULT CHARSET=utf8mb4 COLLATE=utf8mb4_0900_ai_ci;
/*!40101 SET character_set_client = @saved_cs_client */;

--
-- Dumping data for table `section`
--

LOCK TABLES `section` WRITE;
/*!40000 ALTER TABLE `section` DISABLE KEYS */;
INSERT INTO `section` VALUES (100000001,1,'春期',2023,0,31,'一教D',304,9),(100000001,1,'秋期',2023,0,82,'综合楼B',306,65),(100000001,2,'春期',2023,0,106,'一教D',206,1),(100000001,2,'秋期',2023,0,101,'一教D',406,51),(100000001,3,'春期',2023,0,93,'综合楼C',206,75),(100000001,3,'秋期',2023,0,35,'综合楼B',205,78),(100000001,4,'春期',2023,0,33,'综合楼B',205,42),(100000001,5,'春期',2023,0,69,'综合楼B',403,42),(100000001,6,'春期',2023,0,118,'综合楼C',301,53),(100000002,1,'春期',2023,0,117,'综合楼B',106,76),(100000002,1,'秋期',2023,0,83,'综合楼B',405,76),(100000002,2,'春期',2023,0,66,'综合楼B',503,5),(100000002,2,'秋期',2023,0,30,'综合楼C',502,54),(100000002,3,'春期',2023,0,63,'综合楼C',101,74),(100000002,3,'秋期',2023,0,32,'综合楼C',102,76),(100000002,4,'春期',2023,0,51,'综合楼B',505,57),(100000002,4,'秋期',2023,0,54,'一教D',203,65),(100000002,5,'秋期',2023,0,36,'一教A',306,29),(100000002,6,'秋期',2023,0,38,'综合楼C',406,70),(100000003,1,'春期',2023,0,34,'一教A',302,82),(100000003,1,'秋期',2023,0,117,'一教A',305,43),(100000003,2,'春期',2023,0,30,'一教D',102,9),(100000003,2,'秋期',2023,0,125,'一教D',305,77),(100000003,3,'春期',2023,0,51,'综合楼B',304,22),(100000003,4,'春期',2023,0,39,'综合楼C',406,77),(100000003,5,'春期',2023,0,125,'一教D',406,44),(100000004,1,'春期',2023,0,62,'一教A',506,56),(100000004,1,'秋期',2023,0,30,'综合楼C',404,75),(100000004,2,'春期',2023,0,73,'一教A',401,46),(100000004,2,'秋期',2023,0,100,'综合楼B',206,37),(100000004,3,'春期',2023,0,53,'一教A',403,18),(100000004,3,'秋期',2023,0,61,'综合楼C',403,27),(100000004,4,'春期',2023,0,62,'综合楼B',505,7),(100000004,4,'秋期',2023,0,34,'一教D',301,79),(100000004,5,'春期',2023,0,65,'综合楼C',103,31),(100000004,5,'秋期',2023,0,57,'一教D',403,28),(100000004,6,'春期',2023,0,34,'一教D',304,64),(100000005,1,'春期',2023,0,65,'综合楼C',403,46),(100000005,1,'秋期',2023,0,52,'综合楼C',203,49),(100000005,2,'春期',2023,0,96,'综合楼B',404,28),(100000005,2,'秋期',2023,0,84,'综合楼C',103,23),(100000005,3,'春期',2023,0,96,'综合楼B',404,67),(100000005,4,'春期',2023,0,52,'一教D',506,18),(100000006,1,'春期',2023,0,55,'一教D',506,6),(100000006,1,'秋期',2023,0,30,'综合楼C',404,18),(100000006,2,'春期',2023,0,105,'一教D',306,78),(100000006,2,'秋期',2023,0,68,'一教A',203,50),(100000006,3,'春期',2023,0,63,'一教A',405,26),(100000006,3,'秋期',2023,0,121,'综合楼C',201,44),(100000006,4,'春期',2023,0,106,'一教D',306,31),(100000006,4,'秋期',2023,0,36,'一教A',206,73),(100000006,5,'春期',2023,0,118,'一教A',301,34),(100000006,5,'秋期',2023,0,121,'一教A',106,37),(100000006,6,'春期',2023,0,84,'一教D',104,27),(110000001,1,'春期',2023,0,30,'一教D',402,57),(110000001,1,'秋期',2023,0,52,'综合楼C',303,16),(110000001,2,'春期',2023,0,110,'一教A',201,79),(110000001,2,'秋期',2023,0,67,'一教D',104,34),(110000001,3,'春期',2023,0,52,'综合楼C',303,67),(110000001,3,'秋期',2023,0,83,'一教A',401,76),(110000001,4,'春期',2023,0,74,'一教A',104,32),(110000001,4,'秋期',2023,0,82,'综合楼B',102,19),(110000001,5,'春期',2023,0,39,'综合楼C',102,74),(110000002,1,'春期',2023,0,98,'一教A',404,3),(110000002,1,'秋期',2023,0,102,'综合楼B',303,27),(110000002,2,'春期',2023,0,112,'综合楼B',404,4),(110000002,2,'秋期',2023,0,121,'一教D',106,40),(110000002,3,'春期',2023,0,32,'综合楼B',205,69),(110000002,3,'秋期',2023,0,123,'综合楼C',201,3),(110000002,4,'秋期',2023,0,39,'一教A',503,57),(110000002,5,'秋期',2023,0,115,'一教D',404,14),(110000003,1,'春期',2023,0,49,'综合楼B',501,14),(110000003,1,'秋期',2023,0,32,'综合楼C',105,32),(110000003,2,'春期',2023,0,66,'综合楼C',402,59),(110000003,2,'秋期',2023,0,79,'综合楼C',402,82),(110000003,3,'春期',2023,0,60,'综合楼B',304,62),(110000003,3,'秋期',2023,0,100,'一教D',106,35),(110000003,4,'春期',2023,0,36,'综合楼C',302,82),(110000003,4,'秋期',2023,0,56,'综合楼B',302,71),(110000003,5,'春期',2023,0,102,'一教D',305,68),(110000004,1,'春期',2023,0,49,'综合楼B',302,16),(110000004,1,'秋期',2023,0,84,'一教A',401,31),(110000004,2,'春期',2023,0,100,'综合楼C',501,7),(110000004,2,'秋期',2023,0,101,'一教D',503,3),(110000004,3,'春期',2023,0,30,'一教D',304,33),(110000004,3,'秋期',2023,0,108,'一教D',206,30),(110000004,4,'春期',2023,0,50,'一教D',502,82),(110000004,4,'秋期',2023,0,117,'一教A',102,46),(110000004,5,'春期',2023,0,31,'一教A',306,66),(110000004,5,'秋期',2023,0,63,'综合楼B',105,81),(110000005,1,'春期',2023,0,80,'综合楼C',402,5),(110000005,1,'秋期',2023,0,65,'一教A',202,76),(110000005,2,'春期',2023,0,107,'综合楼C',201,45),(110000005,2,'秋期',2023,0,38,'一教A',206,50),(110000005,3,'春期',2023,0,64,'一教A',304,55),(110000005,3,'秋期',2023,0,55,'综合楼B',302,23),(110000005,4,'春期',2023,0,100,'一教D',406,68),(110000005,4,'秋期',2023,0,35,'一教D',102,4),(110000005,5,'春期',2023,0,106,'一教A',201,82),(110000005,5,'秋期',2023,0,120,'一教A',303,81),(110000005,6,'春期',2023,0,93,'综合楼B',101,74),(110000005,6,'秋期',2023,0,106,'综合楼B',206,37),(120000001,1,'春期',2023,0,78,'一教A',104,66),(120000001,1,'秋期',2023,0,85,'一教A',205,51),(120000001,2,'春期',2023,0,125,'综合楼B',303,17),(120000001,2,'秋期',2023,0,75,'一教A',402,33),(120000001,3,'秋期',2023,0,68,'综合楼C',503,5),(120000001,4,'秋期',2023,0,110,'一教D',302,43),(120000001,5,'秋期',2023,0,34,'一教A',501,57),(120000001,6,'秋期',2023,0,125,'综合楼C',206,30),(120000002,1,'春期',2023,0,59,'一教D',105,74),(120000002,1,'秋期',2023,0,72,'一教D',401,42),(120000002,2,'春期',2023,0,111,'一教A',204,66),(120000002,2,'秋期',2023,0,33,'综合楼B',305,5),(120000002,3,'春期',2023,0,65,'一教D',204,43),(120000002,4,'春期',2023,0,113,'综合楼B',106,76),(120000002,5,'春期',2023,0,66,'综合楼B',203,49),(120000003,1,'春期',2023,0,105,'一教A',102,52),(120000003,1,'秋期',2023,0,117,'综合楼C',206,15),(120000003,2,'春期',2023,0,48,'一教A',405,31),(120000003,2,'秋期',2023,0,113,'一教D',505,19),(120000003,3,'春期',2023,0,59,'综合楼B',105,28),(120000003,3,'秋期',2023,0,85,'综合楼B',204,13),(120000003,4,'春期',2023,0,50,'一教A',502,56),(120000003,4,'秋期',2023,0,98,'一教D',103,30),(120000003,5,'春期',2023,0,56,'一教D',201,28),(120000003,6,'春期',2023,0,108,'一教A',301,29),(120000004,1,'春期',2023,0,33,'综合楼B',504,53),(120000004,1,'秋期',2023,0,35,'综合楼C',406,81),(120000004,2,'春期',2023,0,123,'综合楼B',104,67),(120000004,2,'秋期',2023,0,122,'一教D',103,42),(120000004,3,'春期',2023,0,37,'综合楼B',406,53),(120000004,3,'秋期',2023,0,96,'综合楼B',104,40),(120000004,4,'春期',2023,0,30,'一教D',301,82),(120000004,5,'春期',2023,0,64,'一教D',401,80),(120000004,6,'春期',2023,0,107,'综合楼C',301,25),(120000005,1,'春期',2023,0,57,'一教D',303,69),(120000005,1,'秋期',2023,0,52,'综合楼C',205,62),(120000005,2,'春期',2023,0,100,'综合楼C',501,30),(120000005,2,'秋期',2023,0,121,'综合楼B',502,75),(120000005,3,'春期',2023,0,61,'综合楼C',403,42),(120000005,3,'秋期',2023,0,59,'综合楼C',304,81),(120000005,4,'春期',2023,0,107,'一教D',302,3),(120000005,5,'春期',2023,0,121,'综合楼B',101,37),(130000001,1,'春期',2023,0,38,'综合楼C',102,40),(130000001,1,'秋期',2023,0,57,'一教D',203,14),(130000001,2,'春期',2023,0,64,'一教D',401,37),(130000001,2,'秋期',2023,0,125,'综合楼C',501,26),(130000001,3,'春期',2023,0,50,'综合楼C',306,64),(130000001,3,'秋期',2023,0,102,'一教D',503,14),(130000001,4,'春期',2023,0,59,'综合楼C',504,8),(130000001,4,'秋期',2023,0,80,'综合楼C',106,73),(130000001,5,'春期',2023,0,57,'一教D',204,76),(130000002,1,'春期',2023,0,98,'综合楼B',402,38),(130000002,1,'秋期',2023,0,40,'综合楼C',105,63),(130000002,2,'春期',2023,0,122,'一教A',505,77),(130000002,2,'秋期',2023,0,112,'一教A',305,33),(130000002,3,'春期',2023,0,30,'一教D',304,56),(130000002,3,'秋期',2023,0,60,'一教A',304,64),(130000002,4,'春期',2023,0,31,'综合楼C',102,13),(130000002,5,'春期',2023,0,107,'一教A',102,13),(130000002,6,'春期',2023,0,116,'综合楼C',204,9),(130000003,1,'春期',2023,0,60,'综合楼C',306,21),(130000003,1,'秋期',2023,0,98,'综合楼C',206,40),(130000003,2,'春期',2023,0,98,'一教D',206,10),(130000003,2,'秋期',2023,0,116,'综合楼C',201,33),(130000003,3,'春期',2023,0,73,'综合楼B',405,39),(130000003,3,'秋期',2023,0,121,'综合楼B',103,1),(130000003,4,'春期',2023,0,63,'综合楼C',401,40),(130000003,5,'春期',2023,0,65,'综合楼B',505,5),(130000003,6,'春期',2023,0,65,'一教D',203,21),(130000004,1,'春期',2023,0,33,'综合楼C',502,66),(130000004,1,'秋期',2023,0,118,'一教A',106,65),(130000004,2,'春期',2023,0,107,'综合楼B',401,25),(130000004,2,'秋期',2023,0,31,'综合楼B',205,61),(130000004,3,'春期',2023,0,38,'综合楼B',406,42),(130000004,4,'春期',2023,0,38,'一教D',504,52),(130000004,5,'春期',2023,0,58,'综合楼C',306,63),(130000005,1,'春期',2023,0,32,'一教D',304,44),(130000005,1,'秋期',2023,0,106,'综合楼B',502,49),(130000005,2,'春期',2023,0,32,'一教A',105,62),(130000005,2,'秋期',2023,0,110,'综合楼C',405,14),(130000005,3,'春期',2023,0,58,'一教A',304,20),(130000005,3,'秋期',2023,0,30,'一教A',302,40),(130000005,4,'春期',2023,0,37,'综合楼B',406,65),(130000005,4,'秋期',2023,0,107,'一教D',302,53),(130000006,1,'春期',2023,0,93,'综合楼B',104,64),(130000006,1,'秋期',2023,0,63,'综合楼C',504,73),(130000006,2,'春期',2023,0,50,'一教A',304,68),(130000006,2,'秋期',2023,0,53,'综合楼B',304,25),(130000006,3,'春期',2023,0,30,'一教D',504,27),(130000006,3,'秋期',2023,0,106,'一教A',201,33),(130000006,4,'春期',2023,0,83,'综合楼B',503,44),(130000006,4,'秋期',2023,0,111,'一教D',306,2),(130000006,5,'春期',2023,0,53,'综合楼B',505,40),(130000006,5,'秋期',2023,0,55,'综合楼C',203,54),(130000006,6,'春期',2023,0,55,'综合楼B',202,18),(130000007,1,'春期',2023,0,108,'综合楼B',404,29),(130000007,1,'秋期',2023,0,72,'综合楼C',103,3),(130000007,2,'春期',2023,0,84,'综合楼C',104,64),(130000007,2,'秋期',2023,0,116,'一教A',102,19),(130000007,3,'春期',2023,0,113,'一教A',303,15),(130000007,3,'秋期',2023,0,65,'一教D',203,27),(130000007,4,'春期',2023,0,39,'一教D',504,20),(130000007,4,'秋期',2023,0,36,'综合楼B',504,7),(130000007,5,'春期',2023,0,97,'综合楼B',201,7),(130000007,5,'秋期',2023,0,48,'综合楼C',403,37),(130000007,6,'春期',2023,0,123,'一教A',301,75),(130000008,1,'春期',2023,0,113,'综合楼B',303,58),(130000008,1,'秋期',2023,0,52,'综合楼B',202,32),(130000008,2,'春期',2023,0,74,'综合楼B',203,45),(130000008,2,'秋期',2023,0,95,'一教A',301,15),(130000008,3,'春期',2023,0,63,'综合楼C',303,55),(130000008,3,'秋期',2023,0,78,'一教A',402,57),(130000008,4,'春期',2023,0,112,'综合楼B',506,51),(130000008,4,'秋期',2023,0,55,'一教D',202,69),(130000008,5,'春期',2023,0,32,'一教A',105,31),(130000008,5,'秋期',2023,0,30,'一教D',504,50),(130000008,6,'秋期',2023,0,40,'一教A',105,6),(130000009,1,'春期',2023,0,54,'综合楼C',403,42),(130000009,1,'秋期',2023,0,106,'一教A',505,65),(130000009,2,'春期',2023,0,38,'综合楼C',102,39),(130000009,2,'秋期',2023,0,110,'综合楼B',502,61),(130000009,3,'秋期',2023,0,125,'一教A',505,5),(130000009,4,'秋期',2023,0,97,'综合楼B',106,66),(130000009,5,'秋期',2023,0,52,'一教A',304,1),(130000009,6,'秋期',2023,0,57,'一教D',502,27),(130000010,1,'春期',2023,0,84,'一教D',401,39),(130000010,1,'秋期',2023,0,70,'综合楼B',403,53),(130000010,2,'春期',2023,0,55,'综合楼B',505,15),(130000010,2,'秋期',2023,0,74,'综合楼C',503,7),(130000010,3,'春期',2023,0,52,'一教D',105,56),(130000010,3,'秋期',2023,0,96,'综合楼C',305,7),(130000010,4,'秋期',2023,0,82,'综合楼C',503,66),(130000011,1,'春期',2023,0,106,'一教A',106,9),(130000011,1,'秋期',2023,0,79,'综合楼B',102,52),(130000011,2,'春期',2023,0,37,'综合楼C',406,45),(130000011,2,'秋期',2023,0,53,'一教D',405,41),(130000011,3,'春期',2023,0,58,'综合楼C',304,10),(130000011,4,'春期',2023,0,58,'综合楼C',401,19),(140000001,1,'春期',2023,2,105,'综合楼B',502,7),(140000001,1,'秋期',2023,0,118,'综合楼B',206,44),(140000001,2,'春期',2023,0,61,'综合楼C',303,81),(140000001,2,'秋期',2023,0,30,'一教D',101,20),(140000001,3,'春期',2023,0,112,'一教A',201,19),(140000001,3,'秋期',2023,0,39,'一教A',503,67),(140000001,4,'春期',2023,0,120,'一教A',201,14),(140000002,1,'春期',2023,2,54,'一教A',506,80),(140000002,1,'秋期',2023,0,64,'综合楼B',204,73),(140000002,2,'春期',2023,0,60,'综合楼B',105,27),(140000002,2,'秋期',2023,0,52,'一教A',304,46),(140000002,3,'春期',2023,0,35,'一教A',501,37),(140000002,3,'秋期',2023,0,122,'一教A',303,44),(140000002,4,'春期',2023,0,61,'一教D',502,80),(140000002,4,'秋期',2023,0,48,'一教D',403,51),(140000002,5,'春期',2023,0,120,'一教D',404,2),(140000002,6,'春期',2023,0,74,'综合楼B',203,80),(140000003,1,'春期',2023,0,37,'综合楼B',305,13),(140000003,1,'秋期',2023,2,95,'一教D',406,27),(140000003,2,'春期',2023,0,63,'综合楼C',504,73),(140000003,2,'秋期',2023,0,107,'一教A',204,42),(140000003,3,'秋期',2023,0,70,'一教A',402,51),(140000004,1,'春期',2023,0,54,'一教A',502,6),(140000004,1,'秋期',2023,2,36,'一教A',406,66),(140000004,2,'春期',2023,0,63,'一教A',405,64),(140000004,2,'秋期',2023,0,108,'一教D',103,17),(140000004,3,'春期',2023,0,53,'一教D',202,8),(140000004,3,'秋期',2023,0,117,'一教A',204,43),(140000004,4,'春期',2023,0,101,'综合楼B',502,25),(140000004,4,'秋期',2023,0,38,'综合楼B',305,74),(140000004,5,'春期',2023,0,106,'综合楼C',206,8),(140000005,1,'春期',2023,0,39,'一教A',406,53),(140000005,1,'秋期',2023,0,36,'综合楼B',504,38),(140000005,2,'春期',2023,0,30,'一教A',306,19),(140000005,2,'秋期',2023,0,34,'综合楼C',202,25),(140000005,3,'春期',2023,0,38,'综合楼C',502,58),(140000005,4,'春期',2023,0,63,'一教D',204,21),(140000005,5,'春期',2023,0,76,'综合楼B',203,43),(140000005,6,'春期',2023,0,95,'一教A',301,42),(140000006,1,'春期',2023,0,37,'一教A',105,61),(140000006,1,'秋期',2023,0,33,'一教D',101,40),(140000006,2,'春期',2023,0,58,'一教D',403,50),(140000006,2,'秋期',2023,0,60,'综合楼B',105,57),(140000006,3,'春期',2023,0,40,'综合楼B',305,51),(140000006,3,'秋期',2023,0,120,'一教D',503,9),(140000006,4,'春期',2023,0,81,'综合楼C',402,42),(140000006,4,'秋期',2023,0,36,'综合楼C',406,7),(140000006,5,'春期',2023,0,117,'综合楼B',103,26),(140000006,5,'秋期',2023,0,120,'一教A',505,14),(140000006,6,'春期',2023,0,84,'综合楼C',402,42),(140000006,6,'秋期',2023,0,38,'综合楼C',105,53),(140000007,1,'春期',2023,0,66,'综合楼B',403,66),(140000007,1,'秋期',2023,0,82,'综合楼B',503,75),(140000007,2,'春期',2023,0,63,'综合楼C',401,3),(140000007,2,'秋期',2023,0,52,'综合楼B',501,68),(140000007,3,'春期',2023,0,111,'一教A',301,58),(140000007,3,'秋期',2023,0,103,'综合楼B',201,8),(140000007,4,'春期',2023,0,98,'一教D',305,6),(140000007,4,'秋期',2023,0,78,'综合楼B',203,38),(140000007,5,'春期',2023,0,39,'综合楼C',404,15),(140000007,5,'秋期',2023,0,58,'一教D',506,33),(140000008,1,'春期',2023,0,33,'综合楼C',404,33),(140000008,1,'秋期',2023,0,79,'一教A',202,18),(140000008,2,'春期',2023,0,53,'综合楼C',403,67),(140000008,2,'秋期',2023,0,31,'一教A',406,8),(140000008,3,'春期',2023,0,113,'综合楼C',301,61),(140000008,4,'春期',2023,0,112,'综合楼C',201,13),(140000008,5,'春期',2023,0,66,'综合楼B',204,73),(140000009,1,'春期',2023,0,36,'一教D',301,52),(140000009,1,'秋期',2023,0,93,'一教D',404,67),(140000009,2,'春期',2023,0,73,'一教A',402,79),(140000009,2,'秋期',2023,0,58,'综合楼C',504,15),(140000009,3,'春期',2023,0,113,'综合楼B',402,28),(140000009,3,'秋期',2023,0,32,'综合楼C',302,54),(140000009,4,'春期',2023,0,64,'一教A',402,39),(140000009,4,'秋期',2023,0,125,'综合楼B',201,38),(140000010,1,'春期',2023,0,96,'综合楼B',101,28),(140000010,1,'秋期',2023,0,49,'一教D',303,21),(140000010,2,'春期',2023,0,32,'综合楼C',202,3),(140000010,2,'秋期',2023,0,55,'一教D',202,65),(140000010,3,'春期',2023,0,57,'一教D',202,43),(140000010,4,'春期',2023,0,71,'综合楼B',405,9),(200000001,1,'春期',2023,105,105,'一教A',303,41),(200000001,1,'秋期',2023,0,115,'一教D',206,28),(200000001,2,'春期',2023,120,120,'一教A',305,26),(200000001,2,'秋期',2023,0,78,'一教D',501,2),(200000001,3,'春期',2023,75,112,'综合楼C',305,81),(200000001,3,'秋期',2023,0,103,'综合楼B',101,18),(200000001,4,'春期',2023,0,39,'综合楼B',406,73),(200000001,5,'春期',2023,0,63,'综合楼C',503,51),(200000002,1,'春期',2023,0,64,'综合楼B',302,13),(200000002,1,'秋期',2023,0,82,'综合楼C',402,65),(200000002,2,'春期',2023,0,56,'综合楼C',403,80),(200000002,2,'秋期',2023,0,120,'一教D',406,16),(200000002,3,'春期',2023,0,125,'一教D',302,63),(200000002,4,'春期',2023,0,80,'一教D',205,13),(200000003,1,'春期',2023,0,33,'一教A',105,54),(200000003,1,'秋期',2023,0,110,'综合楼B',404,39),(200000003,2,'春期',2023,0,120,'一教D',404,16),(200000003,2,'秋期',2023,0,95,'一教A',303,14),(200000003,3,'春期',2023,0,70,'综合楼C',104,63),(200000003,3,'秋期',2023,0,111,'综合楼C',201,79),(200000003,4,'秋期',2023,0,67,'综合楼B',203,29),(200000004,1,'春期',2023,0,120,'综合楼B',106,19),(200000004,1,'秋期',2023,0,120,'一教D',302,15),(200000004,2,'春期',2023,0,122,'一教A',103,14),(200000004,2,'秋期',2023,0,34,'综合楼C',202,52),(200000004,3,'春期',2023,0,82,'综合楼C',402,9),(200000004,3,'秋期',2023,0,125,'一教D',505,62),(200000004,4,'春期',2023,0,111,'综合楼B',206,4),(200000004,4,'秋期',2023,0,61,'一教D',506,38),(200000004,5,'春期',2023,0,74,'一教A',504,50),(200000004,5,'秋期',2023,0,30,'综合楼C',406,81),(200000004,6,'秋期',2023,0,115,'综合楼B',104,56),(200000005,1,'春期',2023,0,78,'一教A',402,56),(200000005,1,'秋期',2023,0,30,'一教A',302,77),(200000005,2,'春期',2023,0,110,'综合楼B',101,17),(200000005,2,'秋期',2023,0,38,'一教A',406,1),(200000005,3,'春期',2023,0,59,'一教D',502,45),(200000005,3,'秋期',2023,0,58,'一教D',105,50),(200000005,4,'秋期',2023,0,39,'一教A',501,28),(200000005,5,'秋期',2023,0,64,'综合楼B',503,78),(200000005,6,'秋期',2023,0,60,'综合楼B',501,3),(300000001,1,'春期',2023,48,48,'综合楼C',303,37),(300000001,1,'秋期',2023,50,73,'一教A',203,73),(300000001,2,'春期',2023,93,93,'一教A',505,64),(300000001,2,'秋期',2023,0,35,'综合楼C',302,7),(300000001,3,'春期',2023,57,57,'一教D',502,19),(300000001,3,'秋期',2023,0,105,'一教D',306,50),(300000001,4,'春期',2023,52,52,'一教A',506,51),(300000001,4,'秋期',2023,0,105,'综合楼C',305,77),(300000001,5,'秋期',2023,0,49,'一教A',304,44),(300000001,6,'秋期',2023,0,63,'综合楼C',403,2),(300000002,1,'春期',2023,0,65,'综合楼C',402,4),(300000002,1,'秋期',2023,0,64,'一教D',401,45),(300000002,2,'春期',2023,0,36,'一教D',102,37),(300000002,2,'秋期',2023,0,75,'一教D',501,55),(300000002,3,'春期',2023,0,60,'综合楼C',304,13),(300000002,4,'春期',2023,0,52,'综合楼B',304,28),(300000002,5,'春期',2023,0,117,'综合楼B',401,43),(300000003,1,'春期',2023,0,32,'一教D',101,6),(300000003,1,'秋期',2023,0,125,'综合楼C',201,20),(300000003,2,'春期',2023,0,73,'一教A',203,26),(300000003,2,'秋期',2023,0,120,'一教A',305,33),(300000003,3,'春期',2023,0,72,'综合楼C',402,39),(300000003,3,'秋期',2023,0,36,'综合楼B',305,6),(300000003,4,'春期',2023,0,97,'综合楼B',101,28),(300000003,4,'秋期',2023,0,30,'综合楼C',105,21),(300000003,5,'秋期',2023,0,96,'综合楼C',506,68),(300000004,1,'春期',2023,0,73,'综合楼B',503,54),(300000004,1,'秋期',2023,0,73,'综合楼C',104,2),(300000004,2,'春期',2023,0,65,'综合楼B',306,78),(300000004,2,'秋期',2023,0,50,'综合楼B',505,15),(300000004,3,'春期',2023,0,97,'一教A',201,3),(300000004,3,'秋期',2023,0,82,'综合楼C',503,14),(300000004,4,'秋期',2023,0,36,'综合楼C',502,16),(300000004,5,'秋期',2023,0,34,'综合楼C',102,39),(300000005,1,'春期',2023,0,52,'一教A',506,73),(300000005,1,'秋期',2023,0,69,'综合楼C',106,79),(300000005,2,'春期',2023,0,55,'一教A',304,55),(300000005,2,'秋期',2023,0,64,'一教D',501,1),(300000005,3,'春期',2023,0,85,'综合楼C',104,65),(300000005,3,'秋期',2023,0,117,'一教D',302,49),(300000005,4,'春期',2023,0,35,'综合楼B',504,41),(300000005,5,'春期',2023,0,118,'综合楼C',501,45),(300000005,6,'春期',2023,0,108,'一教A',301,39),(300000006,1,'春期',2023,0,34,'综合楼C',202,57),(300000006,1,'秋期',2023,0,103,'一教D',404,39),(300000006,2,'春期',2023,0,56,'综合楼C',403,75),(300000006,2,'秋期',2023,0,121,'综合楼B',506,5),(300000006,3,'秋期',2023,0,59,'综合楼B',501,9),(300000006,4,'秋期',2023,0,63,'一教A',401,1),(300000006,5,'秋期',2023,0,78,'一教A',401,49),(300000006,6,'秋期',2023,0,72,'综合楼C',106,79),(300000007,1,'春期',2023,0,123,'一教D',206,17),(300000007,1,'秋期',2023,0,36,'综合楼C',404,32),(300000007,2,'春期',2023,0,121,'一教A',404,16),(300000007,2,'秋期',2023,0,73,'综合楼B',203,14),(300000007,3,'春期',2023,0,63,'一教D',303,1),(300000007,3,'秋期',2023,0,60,'综合楼C',101,74),(300000007,4,'春期',2023,0,58,'综合楼C',101,67),(300000007,4,'秋期',2023,0,101,'一教A',102,37),(400000001,1,'春期',2023,0,108,'一教D',306,61),(400000001,1,'秋期',2023,0,79,'一教A',205,80),(400000001,2,'春期',2023,0,34,'一教A',105,22),(400000001,2,'秋期',2023,0,101,'综合楼C',305,58),(400000002,1,'春期',2023,0,55,'综合楼C',401,63),(400000002,1,'秋期',2023,0,38,'综合楼C',105,39),(400000002,2,'春期',2023,0,74,'一教A',202,61),(400000002,2,'秋期',2023,0,65,'综合楼B',304,18),(400000002,3,'春期',2023,0,125,'一教D',406,81),(400000002,3,'秋期',2023,0,72,'一教D',104,64),(400000002,4,'春期',2023,0,30,'综合楼B',504,69),(400000002,4,'秋期',2023,0,101,'综合楼B',502,16),(400000002,5,'秋期',2023,0,106,'综合楼B',301,76),(400000003,1,'春期',2023,0,32,'综合楼C',406,44),(400000003,1,'秋期',2023,0,57,'一教A',506,69),(400000003,2,'春期',2023,0,38,'综合楼C',502,80),(400000003,2,'秋期',2023,0,50,'综合楼B',501,21),(400000004,1,'春期',2023,0,75,'一教D',104,77),(400000004,1,'秋期',2023,0,102,'综合楼B',404,15),(400000004,2,'春期',2023,0,96,'一教A',303,17),(400000004,2,'秋期',2023,0,59,'一教D',506,25),(400000004,3,'春期',2023,0,96,'综合楼B',401,76),(400000004,3,'秋期',2023,0,49,'一教A',403,77),(400000004,4,'春期',2023,0,113,'一教A',301,49),(400000004,4,'秋期',2023,0,101,'综合楼C',501,69),(400000004,5,'春期',2023,0,62,'综合楼C',505,6),(400000004,5,'秋期',2023,0,123,'综合楼B',103,8),(400000004,6,'春期',2023,0,49,'一教A',405,62),(400000004,6,'秋期',2023,0,120,'综合楼B',402,7),(400000005,1,'春期',2023,0,75,'一教A',401,43),(400000005,1,'秋期',2023,0,48,'综合楼C',401,17),(400000005,2,'春期',2023,0,111,'一教D',505,79),(400000005,2,'秋期',2023,0,32,'一教A',503,49),(400000005,3,'春期',2023,0,122,'一教A',204,78),(400000005,3,'秋期',2023,0,125,'综合楼C',204,32),(400000005,4,'春期',2023,0,100,'综合楼B',103,16),(500000001,1,'春期',2023,0,106,'综合楼C',506,21),(500000001,1,'秋期',2023,0,35,'一教A',406,28),(500000001,2,'春期',2023,0,57,'一教D',201,20),(500000001,2,'秋期',2023,0,113,'一教D',503,16),(500000001,3,'春期',2023,0,59,'一教A',506,33),(500000001,3,'秋期',2023,0,50,'一教A',405,76),(500000001,4,'秋期',2023,0,80,'一教A',401,54),(500000001,5,'秋期',2023,0,61,'综合楼B',501,11),(500000001,6,'秋期',2023,0,59,'综合楼B',304,54),(500000002,1,'春期',2023,0,107,'综合楼C',204,16),(500000002,1,'秋期',2023,0,55,'综合楼C',101,8),(500000002,2,'春期',2023,0,103,'一教D',503,67),(500000002,2,'秋期',2023,0,55,'综合楼B',302,6),(500000002,3,'春期',2023,0,105,'综合楼C',206,73),(500000002,3,'秋期',2023,0,65,'综合楼C',503,38),(500000002,4,'春期',2023,0,34,'一教D',504,51),(500000002,4,'秋期',2023,0,38,'综合楼C',406,53),(500000002,5,'春期',2023,0,108,'综合楼C',201,9),(500000002,5,'秋期',2023,0,120,'一教D',106,52),(500000002,6,'春期',2023,0,38,'一教D',301,78),(600000001,1,'春期',2023,0,125,'综合楼B',401,5),(600000001,1,'秋期',2023,0,118,'综合楼B',402,39),(600000001,2,'春期',2023,0,60,'综合楼B',302,59),(600000001,2,'秋期',2023,0,111,'综合楼B',103,61),(600000001,3,'春期',2023,0,110,'综合楼B',101,33),(600000001,3,'秋期',2023,0,53,'一教D',202,21),(600000001,4,'春期',2023,0,49,'综合楼B',202,28),(600000001,4,'秋期',2023,0,30,'一教A',206,81),(600000001,5,'春期',2023,0,62,'综合楼C',306,65),(600000002,1,'春期',2023,0,95,'综合楼C',405,70),(600000002,1,'秋期',2023,0,34,'综合楼C',202,38),(600000002,2,'春期',2023,0,48,'综合楼C',403,29),(600000002,2,'秋期',2023,0,79,'综合楼B',405,55),(600000002,3,'春期',2023,0,85,'一教A',205,50),(600000002,3,'秋期',2023,0,39,'综合楼C',502,41),(600000002,4,'春期',2023,0,58,'综合楼C',205,26),(600000002,4,'秋期',2023,0,100,'综合楼C',301,14),(600000002,5,'春期',2023,0,38,'一教D',304,3),(600000002,5,'秋期',2023,0,110,'一教D',404,17),(600000003,1,'春期',2023,0,52,'一教A',403,13),(600000003,1,'秋期',2023,0,32,'一教A',302,34),(600000003,2,'春期',2023,0,69,'综合楼B',503,26),(600000003,2,'秋期',2023,0,74,'综合楼C',104,42),(600000003,3,'春期',2023,0,37,'一教A',501,20),(600000003,3,'秋期',2023,0,107,'一教D',505,6),(600000003,4,'春期',2023,0,103,'一教D',406,9),(600000003,4,'秋期',2023,0,62,'综合楼B',302,4),(600000003,5,'秋期',2023,0,64,'一教A',504,63),(600000003,6,'秋期',2023,0,53,'综合楼B',202,1),(600000004,1,'春期',2023,0,52,'综合楼C',303,9),(600000004,1,'秋期',2023,0,93,'一教A',404,25),(600000004,2,'春期',2023,0,65,'综合楼C',505,50),(600000004,2,'秋期',2023,0,56,'一教D',502,9),(600000004,3,'春期',2023,0,55,'综合楼B',202,81),(600000004,4,'春期',2023,0,67,'综合楼B',306,4),(600000004,5,'春期',2023,0,79,'综合楼C',402,7),(600000005,1,'春期',2023,0,110,'综合楼B',502,30),(600000005,1,'秋期',2023,0,65,'一教A',403,64),(600000005,2,'春期',2023,0,123,'一教A',301,79),(600000005,2,'秋期',2023,0,116,'综合楼C',405,79),(600000005,3,'春期',2023,0,36,'一教D',301,53),(600000005,3,'秋期',2023,0,93,'一教A',101,64),(600000005,4,'春期',2023,0,59,'一教D',403,69),(600000005,4,'秋期',2023,0,36,'综合楼C',202,76),(600000006,1,'春期',2023,0,105,'一教D',206,80),(600000006,1,'秋期',2023,0,117,'综合楼C',206,14),(600000006,2,'春期',2023,0,52,'一教D',203,17),(600000006,2,'秋期',2023,0,75,'综合楼B',102,65),(600000006,3,'春期',2023,0,67,'一教D',205,58),(600000006,3,'秋期',2023,0,117,'综合楼B',104,31),(600000006,4,'春期',2023,0,108,'一教A',404,73),(600000006,4,'秋期',2023,0,115,'综合楼C',305,38),(600000006,5,'春期',2023,0,110,'一教D',306,82),(700000001,1,'春期',2023,0,38,'综合楼C',202,55),(700000001,1,'秋期',2023,0,38,'一教D',504,6),(700000001,2,'春期',2023,0,30,'一教A',503,53),(700000001,2,'秋期',2023,0,51,'综合楼B',105,44),(700000001,3,'秋期',2023,0,75,'一教D',104,66),(700000002,1,'春期',2023,0,96,'综合楼B',104,41),(700000002,1,'秋期',2023,0,31,'一教D',402,8),(700000002,2,'春期',2023,0,57,'综合楼C',101,78),(700000002,2,'秋期',2023,0,40,'综合楼C',302,13),(700000002,3,'春期',2023,0,121,'一教D',505,81),(700000002,3,'秋期',2023,0,111,'一教D',503,54),(700000002,4,'春期',2023,0,39,'综合楼B',305,79),(700000002,4,'秋期',2023,0,82,'综合楼B',403,18),(700000002,5,'春期',2023,0,66,'一教A',401,13),(700000002,5,'秋期',2023,0,63,'综合楼C',304,54),(700000002,6,'秋期',2023,0,50,'一教A',304,45),(700000003,1,'春期',2023,0,79,'综合楼C',402,74),(700000003,1,'秋期',2023,0,57,'综合楼B',302,52),(700000003,2,'春期',2023,0,102,'综合楼C',206,14),(700000003,2,'秋期',2023,0,49,'综合楼C',505,49),(700000003,3,'春期',2023,0,116,'一教D',306,42),(700000004,1,'春期',2023,0,63,'综合楼C',104,41),(700000004,1,'秋期',2023,0,52,'综合楼C',505,73),(700000004,2,'春期',2023,0,79,'综合楼C',503,62),(700000004,2,'秋期',2023,0,70,'综合楼C',106,27),(700000004,3,'秋期',2023,0,68,'综合楼B',403,22),(700000005,1,'春期',2023,0,32,'综合楼C',404,32),(700000005,1,'秋期',2023,0,32,'综合楼C',302,61),(700000005,2,'春期',2023,0,56,'综合楼C',403,25),(700000005,2,'秋期',2023,0,118,'综合楼B',201,80),(700000005,3,'春期',2023,0,31,'综合楼B',504,51),(700000005,3,'秋期',2023,0,50,'综合楼C',403,55),(700000005,4,'春期',2023,0,111,'综合楼B',103,43),(700000005,4,'秋期',2023,0,51,'一教A',506,78),(700000005,5,'春期',2023,0,123,'综合楼B',301,15),(700000005,6,'春期',2023,0,61,'综合楼B',302,26),(700000006,1,'春期',2023,0,39,'一教D',301,40),(700000006,1,'秋期',2023,0,108,'一教D',306,66),(700000006,2,'春期',2023,0,115,'一教D',305,2),(700000006,2,'秋期',2023,0,102,'综合楼C',206,81),(700000006,3,'春期',2023,0,103,'一教D',206,39),(700000006,3,'秋期',2023,0,73,'综合楼B',405,77),(700000006,4,'春期',2023,0,113,'一教A',101,74),(700000007,1,'春期',2023,0,32,'一教D',402,64),(700000007,1,'秋期',2023,0,64,'综合楼B',403,44),(700000007,2,'春期',2023,0,38,'综合楼C',102,29),(700000007,2,'秋期',2023,0,115,'一教D',503,39),(800000001,1,'春期',2023,0,113,'一教A',301,37),(800000001,1,'秋期',2023,0,39,'一教A',406,4),(800000001,2,'春期',2023,0,36,'一教A',302,3),(800000001,2,'秋期',2023,0,69,'综合楼B',403,20),(800000002,1,'春期',2023,0,70,'综合楼B',403,25),(800000002,1,'秋期',2023,0,78,'一教A',401,79),(800000002,2,'春期',2023,0,76,'一教D',205,61),(800000002,2,'秋期',2023,0,96,'一教A',301,37),(800000002,3,'春期',2023,0,105,'一教D',206,1),(800000002,3,'秋期',2023,0,67,'综合楼C',106,77),(800000002,4,'春期',2023,0,31,'一教A',105,80),(800000002,4,'秋期',2023,0,107,'一教A',101,45),(800000002,5,'春期',2023,0,68,'综合楼C',503,54),(800000002,5,'秋期',2023,0,53,'一教A',405,61),(800000002,6,'秋期',2023,0,107,'一教D',302,73),(800000003,1,'春期',2023,0,60,'综合楼C',505,14),(800000003,1,'秋期',2023,0,71,'综合楼B',503,61),(800000003,2,'春期',2023,0,60,'一教D',502,32),(800000003,2,'秋期',2023,0,30,'一教A',406,39),(800000003,3,'春期',2023,0,51,'综合楼C',505,28),(800000003,3,'秋期',2023,0,101,'综合楼C',501,42),(800000003,4,'秋期',2023,0,55,'综合楼B',302,1),(800000003,5,'秋期',2023,0,101,'综合楼C',204,41),(800000003,6,'秋期',2023,0,32,'一教D',402,73),(800000004,1,'春期',2023,0,102,'一教D',103,28),(800000004,1,'秋期',2023,0,54,'综合楼B',304,5),(800000004,2,'春期',2023,0,68,'一教A',504,50),(800000004,2,'秋期',2023,0,117,'一教D',305,73),(800000005,1,'春期',2023,0,108,'综合楼B',301,73),(800000005,1,'秋期',2023,0,63,'综合楼B',204,1),(800000005,2,'春期',2023,0,51,'综合楼B',501,49),(800000005,2,'秋期',2023,0,57,'一教A',506,42),(800000005,3,'春期',2023,0,60,'一教D',201,75),(800000005,4,'春期',2023,0,66,'一教A',202,69),(800000005,5,'春期',2023,0,81,'综合楼B',204,43),(800000006,1,'春期',2023,0,55,'一教D',105,6),(800000006,1,'秋期',2023,0,49,'综合楼B',505,61),(800000006,2,'春期',2023,0,52,'综合楼B',202,65),(800000006,2,'秋期',2023,0,125,'综合楼C',206,52),(800000006,3,'春期',2023,0,55,'综合楼C',303,41),(800000006,3,'秋期',2023,0,84,'一教D',401,80),(900000001,1,'春期',2023,0,53,'一教D',202,41),(900000001,1,'秋期',2023,0,34,'一教A',501,67),(900000001,2,'春期',2023,0,111,'综合楼B',206,80),(900000001,2,'秋期',2023,0,57,'一教D',202,28),(900000001,3,'春期',2023,0,106,'综合楼B',101,77),(900000001,3,'秋期',2023,0,118,'一教A',404,43),(900000001,4,'秋期',2023,0,93,'综合楼C',301,55),(900000002,1,'春期',2023,0,65,'一教D',203,3),(900000002,1,'秋期',2023,0,54,'一教A',506,4),(900000002,2,'春期',2023,0,113,'一教A',101,16),(900000002,2,'秋期',2023,0,54,'一教A',403,1),(900000002,3,'春期',2023,0,76,'一教A',402,30),(900000002,3,'秋期',2023,0,96,'一教D',306,65),(900000002,4,'春期',2023,0,64,'一教D',205,3),(900000002,4,'秋期',2023,0,113,'综合楼B',206,51),(900000002,5,'春期',2023,0,73,'综合楼B',503,67),(900000002,5,'秋期',2023,0,37,'综合楼C',202,33),(900000002,6,'春期',2023,0,67,'一教A',202,40),(900000003,1,'春期',2023,0,112,'一教D',404,49),(900000003,1,'秋期',2023,0,125,'综合楼B',401,16),(900000003,2,'春期',2023,0,62,'一教D',105,77),(900000003,2,'秋期',2023,0,96,'一教D',404,29),(900000003,3,'春期',2023,0,60,'综合楼B',202,63),(900000003,3,'秋期',2023,0,105,'一教D',404,41),(900000003,4,'春期',2023,0,95,'一教A',201,6),(900000003,4,'秋期',2023,0,97,'一教A',106,67),(900000003,5,'秋期',2023,0,106,'综合楼B',106,61),(900000004,1,'春期',2023,0,63,'综合楼B',505,63),(900000004,1,'秋期',2023,0,101,'综合楼B',401,53),(900000004,2,'春期',2023,0,38,'一教A',406,42),(900000004,2,'秋期',2023,0,56,'一教D',204,14),(900000004,3,'春期',2023,0,57,'综合楼B',304,61),(900000004,3,'秋期',2023,0,55,'一教D',506,1),(900000004,4,'秋期',2023,0,101,'一教D',305,43),(900000004,5,'秋期',2023,0,56,'综合楼C',205,21),(900000004,6,'秋期',2023,0,78,'综合楼B',403,8),(900000005,1,'春期',2023,0,112,'综合楼B',402,45),(900000005,1,'秋期',2023,0,97,'一教D',406,39),(900000005,2,'春期',2023,0,98,'一教D',305,21),(900000005,2,'秋期',2023,0,74,'一教A',202,34),(900000005,3,'春期',2023,0,116,'综合楼B',402,39),(900000005,4,'春期',2023,0,73,'一教A',205,56),(900000005,5,'春期',2023,0,120,'一教A',103,6),(990000001,1,'春期',2023,0,96,'一教D',404,17),(990000001,1,'秋期',2023,0,32,'一教A',306,58),(990000001,2,'春期',2023,0,33,'综合楼C',406,15),(990000001,2,'秋期',2023,0,95,'一教A',101,82),(990000001,3,'春期',2023,2,37,'一教D',402,67),(990000001,3,'秋期',2023,0,55,'综合楼C',306,46),(990000001,4,'秋期',2023,0,50,'一教D',405,5),(990000002,1,'春期',2023,0,63,'一教D',502,54),(990000002,1,'秋期',2023,2,36,'综合楼C',302,57),(990000002,2,'春期',2023,0,122,'一教D',305,55),(990000002,2,'秋期',2023,0,49,'综合楼C',205,2),(990000002,3,'春期',2023,0,51,'综合楼C',306,56),(990000002,3,'秋期',2023,0,123,'综合楼C',301,41),(990000002,4,'春期',2023,0,116,'综合楼B',206,28),(990000002,4,'秋期',2023,0,71,'一教A',205,1),(990000002,5,'春期',2023,0,32,'综合楼B',205,70),(990000003,1,'春期',2023,0,106,'一教D',404,43),(990000003,1,'秋期',2023,0,93,'一教D',406,68),(990000003,2,'春期',2023,0,37,'综合楼C',105,61),(990000003,2,'秋期',2023,0,68,'一教D',205,54),(990000003,3,'春期',2023,0,97,'一教A',102,4),(990000003,3,'秋期',2023,0,69,'一教A',205,70),(990000003,4,'春期',2023,0,98,'一教A',505,5),(990000003,5,'春期',2023,0,112,'一教A',106,28),(990000003,6,'春期',2023,0,34,'一教A',306,20),(990000004,1,'春期',2023,0,35,'综合楼C',502,37),(990000004,1,'秋期',2023,0,69,'一教A',203,14),(990000004,2,'春期',2023,0,84,'综合楼C',503,79),(990000004,2,'秋期',2023,0,61,'综合楼C',504,43),(990000004,3,'春期',2023,0,39,'一教D',304,27),(990000004,3,'秋期',2023,0,72,'一教A',402,3),(990000004,4,'春期',2023,0,65,'一教D',205,82),(990000004,4,'秋期',2023,0,125,'综合楼B',201,21),(990000004,5,'秋期',2023,0,63,'综合楼B',501,52),(990000005,1,'春期',2023,0,102,'一教A',303,66),(990000005,1,'秋期',2023,0,32,'综合楼B',305,33),(990000005,2,'春期',2023,0,82,'综合楼B',403,58),(990000005,2,'秋期',2023,0,73,'综合楼C',106,9),(990000005,3,'秋期',2023,0,39,'综合楼B',504,39),(990000006,1,'春期',2023,0,71,'一教A',401,26),(990000006,1,'秋期',2023,0,72,'一教D',501,19),(990000006,2,'春期',2023,0,65,'一教A',203,1),(990000006,2,'秋期',2023,0,120,'一教A',305,30),(990000006,3,'春期',2023,0,62,'综合楼C',304,46),(990000006,4,'春期',2023,0,73,'综合楼C',503,49),(990000006,5,'春期',2023,0,38,'综合楼B',205,14),(990000006,6,'春期',2023,0,73,'一教D',104,13),(990000007,1,'春期',2023,0,36,'综合楼B',406,49),(990000007,1,'秋期',2023,0,35,'综合楼C',102,54),(990000007,2,'春期',2023,0,103,'一教A',305,77),(990000007,2,'秋期',2023,0,98,'一教D',206,28),(990000007,3,'春期',2023,0,68,'一教D',104,55),(990000007,3,'秋期',2023,0,61,'综合楼C',203,27),(990000007,4,'春期',2023,0,50,'一教D',201,42),(990000007,4,'秋期',2023,0,58,'综合楼C',303,75),(990000007,5,'春期',2023,0,59,'一教D',405,69),(990000008,1,'春期',2023,0,36,'综合楼C',105,33),(990000008,1,'秋期',2023,0,35,'一教A',206,62),(990000008,2,'春期',2023,0,83,'综合楼C',103,58),(990000008,2,'秋期',2023,0,115,'一教D',406,7),(990000008,3,'春期',2023,0,51,'综合楼C',505,14),(990000008,3,'秋期',2023,0,50,'综合楼C',303,52),(990000008,4,'秋期',2023,0,35,'综合楼B',406,63);
/*!40000 ALTER TABLE `section` ENABLE KEYS */;
UNLOCK TABLES;

--
-- Table structure for table `student`
--

DROP TABLE IF EXISTS `student`;
/*!40101 SET @saved_cs_client     = @@character_set_client */;
/*!50503 SET character_set_client = utf8mb4 */;
CREATE TABLE `student` (
  `stu_id` int NOT NULL AUTO_INCREMENT,
  `stu_name` varchar(30) NOT NULL,
  `total_cred` int NOT NULL,
  `major_name` varchar(30) DEFAULT NULL,
  `stu_passwd` varchar(100) NOT NULL,
  PRIMARY KEY (`stu_id`),
  KEY `student_FK` (`major_name`),
  CONSTRAINT `student_FK` FOREIGN KEY (`major_name`) REFERENCES `major` (`major_name`) ON DELETE SET NULL ON UPDATE CASCADE
) ENGINE=InnoDB AUTO_INCREMENT=1000300 DEFAULT CHARSET=utf8mb4 COLLATE=utf8mb4_0900_ai_ci;
/*!40101 SET character_set_client = @saved_cs_client */;

--
-- Dumping data for table `student`
--

LOCK TABLES `student` WRITE;
/*!40000 ALTER TABLE `student` DISABLE KEYS */;
INSERT INTO `student` VALUES (1000000,'莲蓉',18,'软件工程','8D!Q&nRa_0K6'),(1000001,'王玉梅',9,'国民经济管理','S)nGb0Ji@zc6'),(1000002,'龙婷',9,'数学与应用数学','*_y9Yfg+kvCw'),(1000003,'朱芳',9,'生态学','@J9WX7Gz$r9N'),(1000004,'陈晶',4,'日语','^^7LD9aTUyi0'),(1000005,'康杨',9,'化学','k+0BaMMMDe88'),(1000006,'陈岩',9,'化学',')5HGlNmH(7iQ'),(1000007,'符桂花',9,'国民经济管理','U#nJvvxgE&1T'),(1000008,'雷燕',9,'法学','T5@$vF4R*6vB'),(1000009,'王建平',9,'马克思主义理论','nt1WY$LJ6^6y'),(1000010,'谢伟',9,'西班牙语','pi_^HAz)&86Z'),(1000011,'彭华',4,'网络与新媒体','_Z3FvCTw&ABh'),(1000012,'李鑫',9,'广告学','ntuayzF(E4C%'),(1000013,'李华',4,'历史学','F14YsfqV(zeM'),(1000014,'康强',9,'物联网工程','4fe9Gm$t%v_c'),(1000015,'刘利',9,'体育学',')6k5jhJk@5%2'),(1000016,'余霞',9,'软件工程','rCiz*kTB(6NF'),(1000017,'蔡倩',9,'人工智能','u2gohPgV_1vD'),(1000018,'粟博',9,'国民经济管理','Z8Dv0cA#@Y0B'),(1000019,'张勇',9,'体育学','4MErnvg0$%3Z'),(1000020,'张秀兰',9,'生态学','#2IeRo&#W0ie'),(1000021,'詹红梅',9,'考古学','leeP(M)w_vG7'),(1000022,'吴雪',4,'生物科学','(r0VxgQmzzF@'),(1000023,'秦颖',9,'光电信息科学与工程','n_1ArINjO0XP'),(1000024,'李玉',9,'统计学','H!99BxsjvtOe'),(1000025,'朱建华',4,'软件工程','n$ug0XeNoirb'),(1000026,'陈丽',9,'马克思主义理论','!jZ!IdJo6qUw'),(1000027,'司梅',9,'马克思主义理论','_7JXtKw80#9O'),(1000028,'傅帅',9,'人工智能','E^9)8pJf$&^0'),(1000029,'谢桂芳',9,'软件工程','7@klNVzLe@1W'),(1000030,'李坤',9,'法语','x7X#UN(5Ys_b'),(1000031,'谢秀华',9,'法学','X0#Yu9bb!3hV'),(1000032,'韦晶',9,'软件工程','*(jpfHWz3j4z'),(1000033,'张超',9,'电子信息工程','@p3ZX3frH%Wd'),(1000034,'张萍',9,'马克思主义理论','$+L3ddwB2Y3('),(1000035,'朱海燕',9,'日语',')(JLBiNxAK8#'),(1000036,'聂丽娟',9,'信息与计算科学','U#Q!hNv%530%'),(1000037,'胡亮',9,'法学','Rk$n8JBa01+9'),(1000038,'姜旭',9,'信息与计算科学','z1xv67D$#CE^'),(1000039,'黄燕',9,'生态学','+iWMpZeP7%7J'),(1000040,'何琳',9,'核工程与核技术','*472XxDhhpj2'),(1000041,'冷建国',9,'体育学','_yShWq^f%3#I'),(1000042,'王玉华',9,'生物科学','!d42k)LU6SBN'),(1000043,'陈婷',9,'体育学','z(vAEkdTwQ6x'),(1000044,'李杰',9,'法学',')i4DQWzuk4&6'),(1000045,'任欣',18,'软件工程','g#z%SOBWVvb5'),(1000046,'朱成',9,'人工智能','IAkIwe9j&7s&'),(1000047,'张静',4,'国际经济与贸易','^9FE)gSO5#Ua'),(1000048,'叶坤',9,'旅游管理','_s*8YMAoP2bH'),(1000049,'冯玉',9,'考古学','+73#f+ttaoB1'),(1000050,'陈丽娟',9,'生态学','!DSJusxaX7tx'),(1000051,'寇红梅',9,'计算机科学与技术','+67zfYF5Q$OC'),(1000052,'宁岩',9,'软件工程','x1A6qHdbM$Ud'),(1000053,'王冬梅',9,'俄语','zl*)AFxGW6m7'),(1000054,'朱强',4,'体育学','5EpY99VaBB8#'),(1000055,'朱帅',4,'光电信息科学与工程','V_E5JH5eaTn9'),(1000056,'张云',4,'物理学','#I7V7Ylr!F05'),(1000057,'马帆',9,'体育学','#5Yy!1(_%iWw'),(1000058,'王雷',9,'生物科学','((B9WlMs728V'),(1000059,'隆小红',4,'统计学','^dh_JDIv12NZ'),(1000060,'杨博',9,'软件工程','%aixkSCq2Hjl'),(1000061,'柯玉兰',9,'汉语言文学','&ynWTe^a^G5g'),(1000062,'谢雪梅',9,'人工智能','^uL9YD)eUTIk'),(1000063,'邢宇',9,'化学','*5Vaig3iZuK0'),(1000064,'岳涛',4,'光电信息科学与工程','YR3gw)Oun@94'),(1000065,'冯玉',9,'国民经济管理','+79*ZrjD%PO!'),(1000066,'杨雪',9,'法语','cu130Guf+R&G'),(1000067,'谢萍',9,'法学','_%7SZT6pc8Kb'),(1000068,'孙畅',9,'计算机科学与技术','%ssgK2LI^5Yh'),(1000069,'赵旭',4,'俄语','o0Z_P&&q*sOE'),(1000070,'林鑫',9,'光电信息科学与工程','z2I9bEK2^KmZ'),(1000071,'聂凤兰',9,'国际经济与贸易','u_G4FFng1r11'),(1000072,'胡龙',4,'化学','n5wQi_EI&ZPR'),(1000073,'王婷婷',9,'化学','_$X9N4Rq6*fH'),(1000074,'杜利',9,'马克思主义理论','J9LjVSc&+ujS'),(1000075,'张红梅',9,'体育学','I^pDDr&ny%5^'),(1000076,'师秀梅',9,'俄语','V6SocQ42+)7b'),(1000077,'韩想',9,'计算机科学与技术','Gv*7dFCpT(sD'),(1000078,'周玉梅',9,'金融学','vUUt$QjP&3lh'),(1000079,'王桂香',9,'广告学','W4#o0!ZXRES6'),(1000080,'李辉',4,'法学','q4!I!&3r^L8V'),(1000081,'魏建国',9,'软件工程','^#H0p3Igb6Cj'),(1000082,'王旭',9,'法学','s8+vLQf6nv(7'),(1000083,'田婷',9,'物理学','i(a2JOIx6zoT'),(1000084,'魏佳',4,'通信工程','DFONkVpm8!5Z'),(1000085,'钱海燕',9,'国际经济与贸易','nZA)V*wEU%83'),(1000086,'田健',9,'新闻学','N5)Z1TkOaL_u'),(1000087,'赵丽华',9,'西班牙语','_ghiCOanYXm9'),(1000088,'刘冬梅',9,'生物科学',')*7H6DXf$cFN'),(1000089,'李艳',4,'信息与计算科学','x9StF$vW#6BC'),(1000090,'萧丽丽',9,'生物科学','#0%+TriuRovX'),(1000091,'周淑兰',9,'金融学','@+7XBKQlli3z'),(1000092,'程丽华',9,'西班牙语','(68ZQz5qEmO!'),(1000093,'苏波',9,'法学','_&ZWoHRJ47@f'),(1000094,'司坤',9,'汉语言文学','K$0Ktib#Djnw'),(1000095,'张艳',9,'计算机科学与技术','v%V+6Yi(6q#M'),(1000096,'李娟',9,'新闻学','$u0Zj#Ex##S^'),(1000097,'张凤兰',9,'物理学','g#OkA+N6nd^9'),(1000098,'马颖',9,'数学与应用数学','Ys*mg7Vbp!QT'),(1000099,'郭婷婷',9,'软件工程','Z#XzIYahtz(1'),(1000100,'袁文',9,'英语','w*VjRJbb)sA2'),(1000101,'黄鹏',9,'英语','gxj5EpLP^Hx6'),(1000102,'梁琴',9,'网络与新媒体','$NqBEi9HAa9J'),(1000103,'刘云',9,'核工程与核技术','G@xLASI_ny_1'),(1000104,'白雪梅',9,'体育学','@Il5QcN2$zfv'),(1000105,'陈飞',9,'生态学','+q6F@Bpf)B8G'),(1000106,'雷建平',9,'计算机科学与技术','9!8RsMec@_g('),(1000107,'张杰',9,'法学','_0!YSs_s9A9r'),(1000108,'刘建华',9,'软件工程','%wN2Oe^o&2hQ'),(1000109,'辛畅',9,'广告学','@LfWju3l+7nz'),(1000110,'谭丽',9,'马克思主义理论','BkHM0jjJ5)1G'),(1000111,'索芳',9,'应用化学','e&9EuNyHNUVc'),(1000112,'许梅',9,'网络与新媒体','!)4GvVAuN(2l'),(1000113,'应玉兰',9,'考古学','O5^ENlos5+0c'),(1000114,'田所浩二',9,'软件工程','1145141919810'),(1000115,'杨荣',9,'生态学',')4sc%txP$wIn'),(1000116,'李强',4,'微电子科学与工程','TuT)i%rb^%72'),(1000117,'王华',9,'考古学','Bj1!FAft*%!Z'),(1000118,'郑小红',9,'俄语','xt4&%es$#*cP'),(1000119,'鲁宁',9,'考古学','Js24(DgD&LiP'),(1000120,'余芳',9,'通信工程','V^OZ0KKzQE59'),(1000121,'罗丽娟',9,'法语','+VvC(Rd*S8FE'),(1000122,'胡帅',9,'体育学','i&OO2X15on^w'),(1000123,'刘丹丹',9,'体育学','mqF+*Yeyu^9X'),(1000124,'赵利',9,'应用化学','mss5lFCy(4Zu'),(1000125,'王利',9,'生物科学','p#Q4VyJm4_R!'),(1000126,'刘帆',9,'历史学','Z2zZ4$8T@*Go'),(1000127,'楚鹏',9,'生态学','h5_D&Osh#3VI'),(1000128,'陆凯',9,'英语','*9+tqD3A8sgh'),(1000129,'许红霞',4,'物理学','y_91MM#fE(Vr'),(1000130,'曹秀荣',9,'电子信息工程','%@QTm68aaO7L'),(1000131,'张欢',4,'生态学','^563SiUafW(L'),(1000132,'黎小红',9,'化学','yU8%XvXW)5Cy'),(1000133,'黄红霞',4,'化学','NS4)f5SuMC9L'),(1000134,'杨秀芳',9,'物联网工程','@^hF^QvcBUj8'),(1000135,'宋倩',9,'计算机科学与技术','_8QL0ElwA7xw'),(1000136,'戴利',9,'信息与计算科学','KY9Q$1Oke@+Q'),(1000137,'娄淑珍',9,'法语','Y(Hp$BF&Ee89'),(1000138,'豆龙',9,'马克思主义理论','m2$aJ_Z0!EEx'),(1000139,'赵磊',9,'统计学','@o8KLsyY2eU_'),(1000140,'刘宁',4,'软件工程','xwCtRK&e@&R8'),(1000141,'易丽',9,'生态学','@9Rn*288e*Dz'),(1000142,'张雪',4,'人工智能','NjB9EEsV#v@U'),(1000143,'董莉',9,'考古学','N7C*3TCwN&Ia'),(1000144,'毛艳',9,'化学','Hn$cTV2t@f6a'),(1000145,'叶桂兰',9,'马克思主义理论','22zp0XkeN($I'),(1000146,'谢鹏',9,'马克思主义理论','@k0jUmbPc^ha'),(1000147,'朱晨',9,'应用化学','+Z5txovA5kYN'),(1000148,'王辉',9,'生态学','$1HhZlNVR&&K'),(1000149,'李瑜',9,'电子信息工程','dmCeXW)l%hM6'),(1000150,'甄丹',9,'软件工程',')l!U6Mkpw@e7'),(1000151,'杨俊',4,'国际经济与贸易','+R4$gXvJJ7oO'),(1000152,'许荣',9,'金融工程','Dm3MDI*z2_r%'),(1000153,'李燕',9,'物联网工程','j$oIgE_X(3E$'),(1000154,'胡桂英',9,'统计学','GI7POTis*pxq'),(1000155,'陆凯',9,'法学','5YJ*P4uSvQSW'),(1000156,'蔡徐坤',9,'体育学','ctraplanqiu'),(1000157,'乔畅',9,'体育学','#4iZrIwr798R'),(1000158,'杨婷婷',4,'微电子科学与工程','ME*Xn1Zn!N8N'),(1000159,'唐华',9,'电子信息工程','&56RAMS$hpEq'),(1000160,'苏岩',9,'金融工程','#A9&vKdtsN5Z'),(1000161,'唐欢',9,'物理学','Jipd13Nnq_YW'),(1000162,'张洋',9,'光电信息科学与工程','ngbNf__y_7WU'),(1000163,'张龙',9,'软件工程','$gY*S!Na6I_j'),(1000164,'张丽娟',9,'电子信息工程','@8lrSopQf&9y'),(1000165,'毛桂花',9,'日语','@0)K^Fkr(l)X'),(1000166,'朱玉',9,'体育学','(Q8cu5)1lKU^'),(1000167,'任秀芳',4,'财政学','33Wfcv+V)aJ7'),(1000168,'鞠文',9,'应用化学','zFY72RUd!kr#'),(1000169,'李红梅',9,'法学','1)MA(Xp0++mh'),(1000170,'陈杰',9,'化学','QUvMWjk8$v3N'),(1000171,'赵辉',9,'法学','74hPwZ%xU@19'),(1000172,'张冬梅',4,'生物科学','^KtBZeGx3)3B'),(1000173,'孟鑫',9,'通信工程','1*tnQF693m72'),(1000174,'秦桂珍',9,'历史学','r1SQ85jh^_SP'),(1000175,'陈丹丹',9,'光电信息科学与工程','&4PSJfbYhu7s'),(1000176,'吴海燕',9,'金融学','A37IXhAmMW#i'),(1000177,'王秀英',9,'马克思主义理论','NvQ740FxRsb!'),(1000178,'余桂花',9,'网络与新媒体','fjx&Bu@yQ@6*'),(1000179,'王玉华',9,'网络与新媒体','nGxKDCSrG!9('),(1000180,'李俊',9,'光电信息科学与工程','iM5p_fq$So%Y'),(1000181,'来波',9,'法学','g317hfl)^fNG'),(1000182,'高凯',9,'马克思主义理论','Dk0KhpZgF#vV'),(1000183,'杨凤英',9,'化学','_&EW0Sp0U5FB'),(1000184,'张宁',9,'俄语','nW8V%Ugy!rp4'),(1000185,'丁真珍珠',9,'电子信息工程','46@*LgkI)CJ4'),(1000186,'姚小红',4,'旅游管理','XhNWNK1n&d(4'),(1000187,'许波',9,'统计学','*LGO(w2U86Zv'),(1000188,'方凤兰',9,'软件工程','&*3Cy6qZ6PqA'),(1000189,'张玉梅',9,'人工智能','2j@ZYmv_@uAg'),(1000190,'萧华',9,'法学','9nIKMB(QO8&s'),(1000191,'陈岩',9,'金融学','%GAa4bcg1O96'),(1000192,'李彬',9,'日语','(o8$pjCr)o0T'),(1000193,'郑雪梅',9,'法学','0KGA3MVsux_E'),(1000194,'杨琳',9,'软件工程','8ve7Iv9y#_wG'),(1000195,'宫亮',9,'法学','3&N^l!Ww6x4B'),(1000196,'宋秀英',9,'马克思主义理论','&8ZjmoYo1avh'),(1000197,'陆莉',9,'应用化学','eQ+PukgyG&5O'),(1000198,'王淑兰',4,'法语','C3wR7vvM$az)'),(1000199,'杨欢',9,'金融工程','ZP_8KmTqS@^&'),(1000200,'侯东',9,'统计学','j@#UKr5P7Pu4'),(1000201,'刘英',9,'马克思主义理论','d29SjP&Mv^_F'),(1000202,'吴凤兰',9,'生态学','_oRoo_rd@18k'),(1000203,'韩秀芳',9,'软件工程','q_(1qU@a81M4'),(1000204,'刘颖',9,'新闻学','whk#(YSf#7HA'),(1000205,'胡海燕',9,'汉语言文学','p#0j4Xt*%pe6'),(1000206,'黄博',4,'法学',')*9cqsdm^f#E'),(1000207,'刘成',9,'软件工程','M11zhAdy!xHa'),(1000208,'李凤英',9,'核工程与核技术','X)ewyQv!&w9Y'),(1000209,'史倩',9,'核工程与核技术','m@(Fw0Kuy7&u'),(1000210,'李桂珍',9,'生物科学','#KFkgCyg!6kW'),(1000211,'赵刚',9,'数学与应用数学','S9Z3lTLm_i6L'),(1000212,'杨欣',9,'物理学','3qv%t2+J@d0J'),(1000213,'魏佳',9,'体育学','!sCqr+zt*24N'),(1000214,'孙凯',9,'法学','!jFk(w157HTK'),(1000215,'黄桂珍',9,'物联网工程','N#(*kE5whTOP'),(1000216,'俞坤',9,'生物科学','Wq%r2HlKQISQ'),(1000217,'夏超',9,'日语','00Nk_5)u+^le'),(1000218,'单洋',9,'核工程与核技术','4)SMYGi&+_55'),(1000219,'朱兰英',9,'微电子科学与工程','&ZRzcLlbK1Rw'),(1000220,'张丹',9,'马克思主义理论','&5sY+mf&_yIC'),(1000221,'李秀英',9,'电子信息工程','3c@UPNJL#zh#'),(1000222,'朱建华',4,'广告学','!c*t#Sps*u_6'),(1000223,'车健',9,'人工智能','C86E*xjHM_5L'),(1000224,'雷亮',9,'马克思主义理论','QbCcfcKb!5wJ'),(1000225,'罗璐',4,'生态学','(%)4p#ABY6vS'),(1000226,'施倩',9,'人工智能','s!ucvQhf^m8N'),(1000227,'陈伟',9,'生物科学','%xp3N^f1@ITN'),(1000228,'沈玲',9,'体育学','Aj30Q3ok&Pt8'),(1000229,'钟峰',9,'应用化学','Ds)1CA3vo+3U'),(1000230,'阮秀芳',9,'法学','!A24PIkjRDz^'),(1000231,'姜文',9,'马克思主义理论','3x9aljC__4Rg'),(1000232,'余鹏',9,'生态学','ox90WMjB3@#M'),(1000233,'王建华',9,'法学',')wrlu)%jt9sS'),(1000234,'蔡东',9,'马克思主义理论','ysv+x$U2K1G1'),(1000235,'朱桂荣',9,'旅游管理','ZP(P9)mZk@8)'),(1000236,'顾秀梅',9,'生物科学','DO!wPshz8KF1'),(1000237,'董雷',9,'马克思主义理论','_oQ#Ft1Z@294'),(1000238,'孙建华',9,'国民经济管理','CBH)Pf0@*01v'),(1000239,'张兵',9,'微电子科学与工程','g2tOU2f@)19K'),(1000240,'翁英',9,'法学','*2EVu#!rmxJi'),(1000241,'宋岩',9,'财政学','m)9v_W*zS7$P'),(1000242,'冯丹',9,'化学','K63_v%fv^8PC'),(1000243,'颜玉珍',9,'日语','!T0L^pbk+EI+'),(1000244,'银雷',9,'物联网工程','q8A1CAyQt^lK'),(1000245,'曾秀华',9,'生物科学','6#xKq$Lv*%0!'),(1000246,'韩冬梅',9,'信息与计算科学','3%%hR$Zz2uv0'),(1000247,'李建',4,'汉语言文学','H&8R0pg4d046'),(1000248,'胡欣',4,'生物科学','!f4dOU&3C92@'),(1000249,'张桂香',9,'法学','W3Oo0!xbxLO&'),(1000250,'林勇',4,'微电子科学与工程','nHD8RH%e%86)'),(1000251,'王利',4,'统计学','N&u17CqzEq@#'),(1000252,'许红',4,'生物科学','bk!I3Kg5b(9P'),(1000253,'傅淑兰',4,'旅游管理','GV6W^WwKM$XO'),(1000254,'杜秀华',4,'化学','__bZFjzT0uDk'),(1000255,'郭雪梅',4,'法学','7CWIahl5%9xe'),(1000256,'宋建',4,'法语','23BY%U^fPRv&'),(1000257,'黄丽丽',4,'广告学','8nyMDTun((6D'),(1000258,'王源',4,'生态学','1!etsGuj+77q'),(1000259,'程博',4,'统计学','&B1SYhO50FkD'),(1000260,'张淑英',4,'体育学','r1kAk!Wj(1XV'),(1000261,'赵颖',4,'物联网工程',')2ZLz&j!arIY'),(1000262,'靳俊',4,'软件工程','CAUFmzZs+L9Y'),(1000263,'冀婷婷',4,'软件工程','epaTublgu3!&'),(1000264,'方强',4,'生物科学','759vlL*W@bK)'),(1000265,'傅博',4,'化学','fIibdEdEx!7K'),(1000266,'张桂珍',4,'软件工程','wPC3GrFjBp_3'),(1000267,'陈佳',4,'新闻学','Pc_ls&crcP8I'),(1000268,'王柳',4,'核工程与核技术','$s8sQ7Vc*otz'),(1000269,'傅秀珍',4,'汉语言文学','$Sk56$8wH(m('),(1000270,'魏琳',4,'体育学','1%*BuzFB(pwD'),(1000271,'冯萍',4,'应用化学',')(vT#fnnLQ1A'),(1000272,'蒋帅',4,'俄语','a&SZ4!HljL2j'),(1000273,'夏芳',4,'信息与计算科学','(hGLzTr3y9t9'),(1000274,'王强',4,'生态学','SQWxb_C+^Y1n'),(1000275,'王淑英',4,'英语','H*5EEe%%!9&3'),(1000276,'刘淑英',4,'体育学','agQ5RCOqz!%z'),(1000277,'鞠利',4,'国际经济与贸易','(@8BGdm(tb9Y'),(1000278,'夏英',4,'计算机科学与技术','*s09@zMz#1V6'),(1000279,'柯桂芝',4,'生态学','$51Sc@LWfx!M'),(1000280,'何畅',4,'核工程与核技术','mt3BlJ7V*d22'),(1000281,'曹鑫',4,'旅游管理','EL85WqGm#HR3'),(1000282,'庞雷',4,'俄语','Wnw5Ow_a_0j0'),(1000283,'陈杨',4,'马克思主义理论','e4SFtNm+_4FW'),(1000284,'许玉梅',4,'光电信息科学与工程','*1!hZrKu$VM%'),(1000285,'邵建华',4,'体育学',')s1SBNg4D4Yr'),(1000286,'陈秀荣',4,'马克思主义理论','_^&4X*Tfj9$2'),(1000287,'熊秀云',4,'法学','3e(9zSGq5A@V'),(1000288,'张颖',4,'数学与应用数学','NZ015GmrL!4f'),(1000289,'张畅',4,'统计学','5LBdClsQy+X9'),(1000290,'董玉华',4,'马克思主义理论','5@ldOFnT_TPC'),(1000291,'王秀荣',4,'西班牙语','Ej%alVus!D99'),(1000292,'秦燕',4,'历史学','%2JyXY#hY5L$'),(1000293,'柯洁',4,'化学','%KOsGdiAM7MY'),(1000294,'黄平',4,'历史学','2OSGw4ub_I++'),(1000295,'宋秀英',4,'生态学','!f*bfNLH69N@'),(1000296,'庞利',4,'应用化学','q!9zHn4y!eMz'),(1000297,'张欢',4,'人工智能','F+Gq4Mhi%a)F'),(1000298,'杨成',4,'生物科学','u^^v42RfbI1R'),(1000299,'唐玉英',4,'网络与新媒体','R^1q_UPu&o3Z');
/*!40000 ALTER TABLE `student` ENABLE KEYS */;
UNLOCK TABLES;

--
-- Table structure for table `takes`
--

DROP TABLE IF EXISTS `takes`;
/*!40101 SET @saved_cs_client     = @@character_set_client */;
/*!50503 SET character_set_client = utf8mb4 */;
CREATE TABLE `takes` (
  `stu_id` int NOT NULL,
  `course_id` int NOT NULL,
  `sec_id` int NOT NULL,
  `semester` varchar(10) NOT NULL,
  `year` int NOT NULL,
  `grade` int DEFAULT NULL,
  PRIMARY KEY (`stu_id`,`course_id`,`sec_id`,`semester`,`year`),
  KEY `takes_FK_1` (`stu_id`),
  KEY `takes_FK_section` (`course_id`,`sec_id`,`semester`,`year`),
  CONSTRAINT `takes_FK` FOREIGN KEY (`stu_id`) REFERENCES `student` (`stu_id`) ON DELETE CASCADE ON UPDATE CASCADE,
  CONSTRAINT `takes_FK_section` FOREIGN KEY (`course_id`, `sec_id`, `semester`, `year`) REFERENCES `section` (`course_id`, `sec_id`, `semester`, `year`) ON DELETE CASCADE ON UPDATE CASCADE,
  CONSTRAINT `takes_check` CHECK (((`grade` >= 0) and (`grade` <= 100)))
) ENGINE=InnoDB DEFAULT CHARSET=utf8mb4 COLLATE=utf8mb4_0900_ai_ci;
/*!40101 SET character_set_client = @saved_cs_client */;

--
-- Dumping data for table `takes`
--

LOCK TABLES `takes` WRITE;
/*!40000 ALTER TABLE `takes` DISABLE KEYS */;
INSERT INTO `takes` VALUES (1000000,140000001,1,'春期',2023,90),(1000000,140000002,1,'春期',2023,77),(1000000,140000003,1,'秋期',2023,0),(1000000,140000004,1,'秋期',2023,0),(1000000,200000001,2,'春期',2023,85),(1000000,300000001,1,'春期',2023,60),(1000000,990000001,3,'春期',2023,80),(1000000,990000002,1,'秋期',2023,0),(1000001,200000001,2,'春期',2023,75),(1000001,300000001,1,'春期',2023,80),(1000002,200000001,2,'春期',2023,81),(1000002,300000001,1,'春期',2023,86),(1000003,200000001,2,'春期',2023,87),(1000003,300000001,1,'春期',2023,67),(1000004,200000001,2,'春期',2023,80),(1000004,300000001,1,'春期',2023,55),(1000005,200000001,2,'春期',2023,87),(1000005,300000001,1,'春期',2023,82),(1000006,200000001,2,'春期',2023,89),(1000006,300000001,1,'春期',2023,77),(1000007,200000001,2,'春期',2023,81),(1000007,300000001,1,'春期',2023,64),(1000008,200000001,2,'春期',2023,70),(1000008,300000001,1,'春期',2023,84),(1000009,200000001,2,'春期',2023,73),(1000009,300000001,1,'春期',2023,60),(1000010,200000001,2,'春期',2023,85),(1000010,300000001,1,'春期',2023,75),(1000011,200000001,2,'春期',2023,98),(1000011,300000001,1,'春期',2023,57),(1000012,200000001,2,'春期',2023,67),(1000012,300000001,1,'春期',2023,90),(1000013,200000001,2,'春期',2023,93),(1000013,300000001,1,'春期',2023,55),(1000014,200000001,2,'春期',2023,80),(1000014,300000001,1,'春期',2023,69),(1000015,200000001,2,'春期',2023,76),(1000015,300000001,1,'春期',2023,97),(1000016,200000001,2,'春期',2023,66),(1000016,300000001,1,'春期',2023,87),(1000017,200000001,2,'春期',2023,93),(1000017,300000001,1,'春期',2023,80),(1000018,200000001,2,'春期',2023,87),(1000018,300000001,1,'春期',2023,93),(1000019,200000001,2,'春期',2023,75),(1000019,300000001,1,'春期',2023,95),(1000020,200000001,2,'春期',2023,82),(1000020,300000001,1,'春期',2023,78),(1000021,200000001,2,'春期',2023,87),(1000021,300000001,1,'春期',2023,93),(1000022,200000001,2,'春期',2023,72),(1000022,300000001,1,'春期',2023,55),(1000023,200000001,2,'春期',2023,89),(1000023,300000001,1,'春期',2023,63),(1000024,200000001,2,'春期',2023,96),(1000024,300000001,1,'春期',2023,99),(1000025,200000001,2,'春期',2023,66),(1000025,300000001,1,'春期',2023,58),(1000026,200000001,2,'春期',2023,97),(1000026,300000001,1,'春期',2023,80),(1000027,200000001,2,'春期',2023,71),(1000027,300000001,1,'春期',2023,64),(1000028,200000001,2,'春期',2023,95),(1000028,300000001,1,'春期',2023,70),(1000029,200000001,2,'春期',2023,81),(1000029,300000001,1,'春期',2023,99),(1000030,200000001,2,'春期',2023,91),(1000030,300000001,1,'春期',2023,76),(1000031,200000001,2,'春期',2023,85),(1000031,300000001,1,'春期',2023,69),(1000032,200000001,2,'春期',2023,94),(1000032,300000001,1,'春期',2023,92),(1000033,200000001,2,'春期',2023,91),(1000033,300000001,1,'春期',2023,90),(1000034,200000001,2,'春期',2023,70),(1000034,300000001,1,'春期',2023,75),(1000035,200000001,2,'春期',2023,93),(1000035,300000001,1,'春期',2023,74),(1000036,200000001,2,'春期',2023,69),(1000036,300000001,1,'春期',2023,93),(1000037,200000001,2,'春期',2023,95),(1000037,300000001,1,'春期',2023,84),(1000038,200000001,2,'春期',2023,89),(1000038,300000001,1,'春期',2023,69),(1000039,200000001,2,'春期',2023,89),(1000039,300000001,1,'春期',2023,65),(1000040,200000001,2,'春期',2023,82),(1000040,300000001,1,'春期',2023,66),(1000041,200000001,2,'春期',2023,89),(1000041,300000001,1,'春期',2023,68),(1000042,200000001,2,'春期',2023,89),(1000042,300000001,1,'春期',2023,85),(1000043,200000001,2,'春期',2023,86),(1000043,300000001,1,'春期',2023,94),(1000044,200000001,2,'春期',2023,69),(1000044,300000001,1,'春期',2023,97),(1000045,140000001,1,'春期',2023,88),(1000045,140000002,1,'春期',2023,90),(1000045,140000003,1,'秋期',2023,0),(1000045,140000004,1,'秋期',2023,0),(1000045,200000001,2,'春期',2023,96),(1000045,300000001,1,'春期',2023,72),(1000045,990000001,3,'春期',2023,88),(1000045,990000002,1,'秋期',2023,0),(1000046,200000001,2,'春期',2023,67),(1000046,300000001,1,'春期',2023,71),(1000047,200000001,2,'春期',2023,93),(1000047,300000001,1,'春期',2023,59),(1000048,200000001,2,'春期',2023,73),(1000048,300000001,2,'春期',2023,72),(1000049,200000001,2,'春期',2023,75),(1000049,300000001,2,'春期',2023,90),(1000050,200000001,2,'春期',2023,89),(1000050,300000001,2,'春期',2023,76),(1000051,200000001,2,'春期',2023,70),(1000051,300000001,2,'春期',2023,63),(1000052,200000001,2,'春期',2023,75),(1000052,300000001,2,'春期',2023,99),(1000053,200000001,2,'春期',2023,98),(1000053,300000001,2,'春期',2023,76),(1000054,200000001,2,'春期',2023,93),(1000054,300000001,2,'春期',2023,56),(1000055,200000001,2,'春期',2023,89),(1000055,300000001,2,'春期',2023,58),(1000056,200000001,2,'春期',2023,68),(1000056,300000001,2,'春期',2023,59),(1000057,200000001,2,'春期',2023,87),(1000057,300000001,2,'春期',2023,75),(1000058,200000001,2,'春期',2023,73),(1000058,300000001,2,'春期',2023,72),(1000059,200000001,2,'春期',2023,81),(1000059,300000001,2,'春期',2023,58),(1000060,200000001,2,'春期',2023,93),(1000060,300000001,2,'春期',2023,86),(1000061,200000001,2,'春期',2023,97),(1000061,300000001,2,'春期',2023,67),(1000062,200000001,2,'春期',2023,91),(1000062,300000001,2,'春期',2023,91),(1000063,200000001,2,'春期',2023,67),(1000063,300000001,2,'春期',2023,87),(1000064,200000001,2,'春期',2023,67),(1000064,300000001,2,'春期',2023,59),(1000065,200000001,2,'春期',2023,72),(1000065,300000001,2,'春期',2023,65),(1000066,200000001,2,'春期',2023,86),(1000066,300000001,2,'春期',2023,63),(1000067,200000001,2,'春期',2023,74),(1000067,300000001,2,'春期',2023,77),(1000068,200000001,2,'春期',2023,89),(1000068,300000001,2,'春期',2023,66),(1000069,200000001,2,'春期',2023,67),(1000069,300000001,2,'春期',2023,56),(1000070,200000001,2,'春期',2023,84),(1000070,300000001,2,'春期',2023,92),(1000071,200000001,2,'春期',2023,74),(1000071,300000001,2,'春期',2023,77),(1000072,200000001,2,'春期',2023,77),(1000072,300000001,2,'春期',2023,58),(1000073,200000001,2,'春期',2023,91),(1000073,300000001,2,'春期',2023,60),(1000074,200000001,2,'春期',2023,82),(1000074,300000001,2,'春期',2023,62),(1000075,200000001,2,'春期',2023,84),(1000075,300000001,2,'春期',2023,89),(1000076,200000001,2,'春期',2023,88),(1000076,300000001,2,'春期',2023,74),(1000077,200000001,2,'春期',2023,72),(1000077,300000001,2,'春期',2023,67),(1000078,200000001,2,'春期',2023,68),(1000078,300000001,2,'春期',2023,72),(1000079,200000001,2,'春期',2023,69),(1000079,300000001,2,'春期',2023,93),(1000080,200000001,2,'春期',2023,73),(1000080,300000001,2,'春期',2023,55),(1000081,200000001,2,'春期',2023,90),(1000081,300000001,2,'春期',2023,88),(1000082,200000001,2,'春期',2023,78),(1000082,300000001,2,'春期',2023,62),(1000083,200000001,2,'春期',2023,67),(1000083,300000001,2,'春期',2023,70),(1000084,200000001,2,'春期',2023,97),(1000084,300000001,2,'春期',2023,59),(1000085,200000001,2,'春期',2023,66),(1000085,300000001,2,'春期',2023,68),(1000086,200000001,2,'春期',2023,84),(1000086,300000001,2,'春期',2023,67),(1000087,200000001,2,'春期',2023,90),(1000087,300000001,2,'春期',2023,65),(1000088,200000001,2,'春期',2023,80),(1000088,300000001,2,'春期',2023,84),(1000089,200000001,2,'春期',2023,78),(1000089,300000001,2,'春期',2023,59),(1000090,200000001,2,'春期',2023,87),(1000090,300000001,2,'春期',2023,65),(1000091,200000001,2,'春期',2023,98),(1000091,300000001,2,'春期',2023,96),(1000092,200000001,2,'春期',2023,84),(1000092,300000001,2,'春期',2023,85),(1000093,200000001,2,'春期',2023,71),(1000093,300000001,2,'春期',2023,95),(1000094,200000001,2,'春期',2023,82),(1000094,300000001,2,'春期',2023,92),(1000095,200000001,2,'春期',2023,89),(1000095,300000001,2,'春期',2023,65),(1000096,200000001,2,'春期',2023,83),(1000096,300000001,2,'春期',2023,66),(1000097,200000001,2,'春期',2023,96),(1000097,300000001,2,'春期',2023,80),(1000098,200000001,2,'春期',2023,66),(1000098,300000001,2,'春期',2023,73),(1000099,200000001,2,'春期',2023,86),(1000099,300000001,2,'春期',2023,86),(1000100,200000001,2,'春期',2023,73),(1000100,300000001,2,'春期',2023,67),(1000101,200000001,2,'春期',2023,76),(1000101,300000001,2,'春期',2023,69),(1000102,200000001,2,'春期',2023,86),(1000102,300000001,2,'春期',2023,75),(1000103,200000001,2,'春期',2023,71),(1000103,300000001,2,'春期',2023,79),(1000104,200000001,2,'春期',2023,71),(1000104,300000001,2,'春期',2023,60),(1000105,200000001,2,'春期',2023,87),(1000105,300000001,2,'春期',2023,64),(1000106,200000001,2,'春期',2023,90),(1000106,300000001,2,'春期',2023,89),(1000107,200000001,2,'春期',2023,94),(1000107,300000001,2,'春期',2023,90),(1000108,200000001,2,'春期',2023,88),(1000108,300000001,2,'春期',2023,81),(1000109,200000001,2,'春期',2023,92),(1000109,300000001,2,'春期',2023,92),(1000110,200000001,2,'春期',2023,82),(1000110,300000001,2,'春期',2023,82),(1000111,200000001,2,'春期',2023,67),(1000111,300000001,2,'春期',2023,82),(1000112,200000001,2,'春期',2023,96),(1000112,300000001,2,'春期',2023,93),(1000113,200000001,2,'春期',2023,68),(1000113,300000001,2,'春期',2023,84),(1000114,200000001,2,'春期',2023,70),(1000114,300000001,2,'春期',2023,62),(1000115,200000001,2,'春期',2023,77),(1000115,300000001,2,'春期',2023,75),(1000116,200000001,2,'春期',2023,77),(1000116,300000001,2,'春期',2023,56),(1000117,200000001,2,'春期',2023,78),(1000117,300000001,2,'春期',2023,65),(1000118,200000001,2,'春期',2023,87),(1000118,300000001,2,'春期',2023,78),(1000119,200000001,2,'春期',2023,94),(1000119,300000001,2,'春期',2023,92),(1000120,200000001,1,'春期',2023,82),(1000120,300000001,2,'春期',2023,78),(1000121,200000001,1,'春期',2023,82),(1000121,300000001,2,'春期',2023,89),(1000122,200000001,1,'春期',2023,80),(1000122,300000001,2,'春期',2023,98),(1000123,200000001,1,'春期',2023,86),(1000123,300000001,2,'春期',2023,65),(1000124,200000001,1,'春期',2023,98),(1000124,300000001,2,'春期',2023,99),(1000125,200000001,1,'春期',2023,75),(1000125,300000001,2,'春期',2023,83),(1000126,200000001,1,'春期',2023,69),(1000126,300000001,2,'春期',2023,65),(1000127,200000001,1,'春期',2023,96),(1000127,300000001,2,'春期',2023,90),(1000128,200000001,1,'春期',2023,72),(1000128,300000001,2,'春期',2023,75),(1000129,200000001,1,'春期',2023,66),(1000129,300000001,2,'春期',2023,58),(1000130,200000001,1,'春期',2023,75),(1000130,300000001,2,'春期',2023,96),(1000131,200000001,1,'春期',2023,70),(1000131,300000001,2,'春期',2023,59),(1000132,200000001,1,'春期',2023,94),(1000132,300000001,2,'春期',2023,88),(1000133,200000001,1,'春期',2023,68),(1000133,300000001,2,'春期',2023,55),(1000134,200000001,1,'春期',2023,69),(1000134,300000001,2,'春期',2023,91),(1000135,200000001,1,'春期',2023,94),(1000135,300000001,2,'春期',2023,72),(1000136,200000001,1,'春期',2023,76),(1000136,300000001,2,'春期',2023,60),(1000137,200000001,1,'春期',2023,75),(1000137,300000001,2,'春期',2023,81),(1000138,200000001,1,'春期',2023,67),(1000138,300000001,2,'春期',2023,91),(1000139,200000001,1,'春期',2023,71),(1000139,300000001,2,'春期',2023,90),(1000140,200000001,1,'春期',2023,77),(1000140,300000001,2,'春期',2023,57),(1000141,200000001,1,'春期',2023,90),(1000141,300000001,3,'春期',2023,73),(1000142,200000001,1,'春期',2023,69),(1000142,300000001,3,'春期',2023,58),(1000143,200000001,1,'春期',2023,95),(1000143,300000001,3,'春期',2023,90),(1000144,200000001,1,'春期',2023,91),(1000144,300000001,3,'春期',2023,97),(1000145,200000001,1,'春期',2023,96),(1000145,300000001,3,'春期',2023,76),(1000146,200000001,1,'春期',2023,68),(1000146,300000001,3,'春期',2023,66),(1000147,200000001,1,'春期',2023,77),(1000147,300000001,3,'春期',2023,66),(1000148,200000001,1,'春期',2023,96),(1000148,300000001,3,'春期',2023,84),(1000149,200000001,1,'春期',2023,80),(1000149,300000001,3,'春期',2023,87),(1000150,200000001,1,'春期',2023,68),(1000150,300000001,3,'春期',2023,81),(1000151,200000001,1,'春期',2023,96),(1000151,300000001,3,'春期',2023,59),(1000152,200000001,1,'春期',2023,97),(1000152,300000001,3,'春期',2023,65),(1000153,200000001,1,'春期',2023,87),(1000153,300000001,3,'春期',2023,73),(1000154,200000001,1,'春期',2023,74),(1000154,300000001,3,'春期',2023,93),(1000155,200000001,1,'春期',2023,74),(1000155,300000001,3,'春期',2023,83),(1000156,200000001,1,'春期',2023,94),(1000156,300000001,3,'春期',2023,99),(1000157,200000001,1,'春期',2023,80),(1000157,300000001,3,'春期',2023,76),(1000158,200000001,1,'春期',2023,69),(1000158,300000001,3,'春期',2023,56),(1000159,200000001,1,'春期',2023,67),(1000159,300000001,3,'春期',2023,76),(1000160,200000001,1,'春期',2023,95),(1000160,300000001,3,'春期',2023,89),(1000161,200000001,1,'春期',2023,83),(1000161,300000001,3,'春期',2023,67),(1000162,200000001,1,'春期',2023,74),(1000162,300000001,3,'春期',2023,68),(1000163,200000001,1,'春期',2023,96),(1000163,300000001,3,'春期',2023,88),(1000164,200000001,1,'春期',2023,86),(1000164,300000001,3,'春期',2023,96),(1000165,200000001,1,'春期',2023,81),(1000165,300000001,3,'春期',2023,84),(1000166,200000001,1,'春期',2023,75),(1000166,300000001,3,'春期',2023,63),(1000167,200000001,1,'春期',2023,98),(1000167,300000001,3,'春期',2023,58),(1000168,200000001,1,'春期',2023,95),(1000168,300000001,3,'春期',2023,84),(1000169,200000001,1,'春期',2023,67),(1000169,300000001,3,'春期',2023,77),(1000170,200000001,1,'春期',2023,92),(1000170,300000001,3,'春期',2023,89),(1000171,200000001,1,'春期',2023,81),(1000171,300000001,3,'春期',2023,94),(1000172,200000001,1,'春期',2023,97),(1000172,300000001,3,'春期',2023,58),(1000173,200000001,1,'春期',2023,79),(1000173,300000001,3,'春期',2023,90),(1000174,200000001,1,'春期',2023,75),(1000174,300000001,3,'春期',2023,87),(1000175,200000001,1,'春期',2023,88),(1000175,300000001,3,'春期',2023,88),(1000176,200000001,1,'春期',2023,93),(1000176,300000001,3,'春期',2023,92),(1000177,200000001,1,'春期',2023,85),(1000177,300000001,3,'春期',2023,73),(1000178,200000001,1,'春期',2023,98),(1000178,300000001,3,'春期',2023,94),(1000179,200000001,1,'春期',2023,97),(1000179,300000001,3,'春期',2023,67),(1000180,200000001,1,'春期',2023,77),(1000180,300000001,3,'春期',2023,89),(1000181,200000001,1,'春期',2023,96),(1000181,300000001,3,'春期',2023,79),(1000182,200000001,1,'春期',2023,77),(1000182,300000001,3,'春期',2023,65),(1000183,200000001,1,'春期',2023,70),(1000183,300000001,3,'春期',2023,82),(1000184,200000001,1,'春期',2023,87),(1000184,300000001,3,'春期',2023,65),(1000185,200000001,1,'春期',2023,72),(1000185,300000001,3,'春期',2023,95),(1000186,200000001,1,'春期',2023,78),(1000186,300000001,3,'春期',2023,55),(1000187,200000001,1,'春期',2023,95),(1000187,300000001,3,'春期',2023,68),(1000188,200000001,1,'春期',2023,72),(1000188,300000001,3,'春期',2023,78),(1000189,200000001,1,'春期',2023,71),(1000189,300000001,3,'春期',2023,83),(1000190,200000001,1,'春期',2023,87),(1000190,300000001,3,'春期',2023,91),(1000191,200000001,1,'春期',2023,94),(1000191,300000001,3,'春期',2023,91),(1000192,200000001,1,'春期',2023,94),(1000192,300000001,3,'春期',2023,70),(1000193,200000001,1,'春期',2023,89),(1000193,300000001,3,'春期',2023,74),(1000194,200000001,1,'春期',2023,96),(1000194,300000001,3,'春期',2023,97),(1000195,200000001,1,'春期',2023,68),(1000195,300000001,3,'春期',2023,68),(1000196,200000001,1,'春期',2023,91),(1000196,300000001,3,'春期',2023,89),(1000197,200000001,1,'春期',2023,89),(1000197,300000001,3,'春期',2023,95),(1000198,200000001,1,'春期',2023,67),(1000198,300000001,4,'春期',2023,56),(1000199,200000001,1,'春期',2023,72),(1000199,300000001,4,'春期',2023,80),(1000200,200000001,1,'春期',2023,89),(1000200,300000001,4,'春期',2023,74),(1000201,200000001,1,'春期',2023,77),(1000201,300000001,4,'春期',2023,69),(1000202,200000001,1,'春期',2023,92),(1000202,300000001,4,'春期',2023,77),(1000203,200000001,1,'春期',2023,94),(1000203,300000001,4,'春期',2023,80),(1000204,200000001,1,'春期',2023,94),(1000204,300000001,4,'春期',2023,85),(1000205,200000001,1,'春期',2023,87),(1000205,300000001,4,'春期',2023,71),(1000206,200000001,1,'春期',2023,75),(1000206,300000001,4,'春期',2023,57),(1000207,200000001,1,'春期',2023,76),(1000207,300000001,4,'春期',2023,63),(1000208,200000001,1,'春期',2023,83),(1000208,300000001,4,'春期',2023,73),(1000209,200000001,1,'春期',2023,94),(1000209,300000001,4,'春期',2023,72),(1000210,200000001,1,'春期',2023,81),(1000210,300000001,4,'春期',2023,71),(1000211,200000001,1,'春期',2023,89),(1000211,300000001,4,'春期',2023,94),(1000212,200000001,1,'春期',2023,97),(1000212,300000001,4,'春期',2023,85),(1000213,200000001,1,'春期',2023,88),(1000213,300000001,4,'春期',2023,68),(1000214,200000001,1,'春期',2023,74),(1000214,300000001,4,'春期',2023,94),(1000215,200000001,1,'春期',2023,95),(1000215,300000001,4,'春期',2023,65),(1000216,200000001,1,'春期',2023,87),(1000216,300000001,4,'春期',2023,81),(1000217,200000001,1,'春期',2023,94),(1000217,300000001,4,'春期',2023,89),(1000218,200000001,1,'春期',2023,77),(1000218,300000001,4,'春期',2023,99),(1000219,200000001,1,'春期',2023,74),(1000219,300000001,4,'春期',2023,81),(1000220,200000001,1,'春期',2023,68),(1000220,300000001,4,'春期',2023,79),(1000221,200000001,1,'春期',2023,72),(1000221,300000001,4,'春期',2023,61),(1000222,200000001,1,'春期',2023,69),(1000222,300000001,4,'春期',2023,56),(1000223,200000001,1,'春期',2023,86),(1000223,300000001,4,'春期',2023,62),(1000224,200000001,1,'春期',2023,95),(1000224,300000001,4,'春期',2023,93),(1000225,200000001,3,'春期',2023,94),(1000225,300000001,4,'春期',2023,56),(1000226,200000001,3,'春期',2023,74),(1000226,300000001,4,'春期',2023,99),(1000227,200000001,3,'春期',2023,70),(1000227,300000001,4,'春期',2023,98),(1000228,200000001,3,'春期',2023,87),(1000228,300000001,4,'春期',2023,87),(1000229,200000001,3,'春期',2023,79),(1000229,300000001,4,'春期',2023,74),(1000230,200000001,3,'春期',2023,74),(1000230,300000001,4,'春期',2023,61),(1000231,200000001,3,'春期',2023,97),(1000231,300000001,4,'春期',2023,97),(1000232,200000001,3,'春期',2023,93),(1000232,300000001,4,'春期',2023,61),(1000233,200000001,3,'春期',2023,70),(1000233,300000001,4,'春期',2023,69),(1000234,200000001,3,'春期',2023,88),(1000234,300000001,4,'春期',2023,89),(1000235,200000001,3,'春期',2023,91),(1000235,300000001,4,'春期',2023,99),(1000236,200000001,3,'春期',2023,70),(1000236,300000001,4,'春期',2023,70),(1000237,200000001,3,'春期',2023,73),(1000237,300000001,4,'春期',2023,63),(1000238,200000001,3,'春期',2023,66),(1000238,300000001,4,'春期',2023,88),(1000239,200000001,3,'春期',2023,94),(1000239,300000001,4,'春期',2023,87),(1000240,200000001,3,'春期',2023,98),(1000240,300000001,4,'春期',2023,90),(1000241,200000001,3,'春期',2023,92),(1000241,300000001,4,'春期',2023,61),(1000242,200000001,3,'春期',2023,98),(1000242,300000001,4,'春期',2023,82),(1000243,200000001,3,'春期',2023,86),(1000243,300000001,4,'春期',2023,88),(1000244,200000001,3,'春期',2023,71),(1000244,300000001,4,'春期',2023,99),(1000245,200000001,3,'春期',2023,94),(1000245,300000001,4,'春期',2023,89),(1000246,200000001,3,'春期',2023,85),(1000246,300000001,4,'春期',2023,64),(1000247,200000001,3,'春期',2023,94),(1000247,300000001,4,'春期',2023,55),(1000248,200000001,3,'春期',2023,75),(1000248,300000001,4,'春期',2023,59),(1000249,200000001,3,'春期',2023,74),(1000249,300000001,4,'春期',2023,69),(1000250,200000001,3,'春期',2023,89),(1000250,300000001,1,'秋期',2023,0),(1000251,200000001,3,'春期',2023,89),(1000251,300000001,1,'秋期',2023,0),(1000252,200000001,3,'春期',2023,85),(1000252,300000001,1,'秋期',2023,0),(1000253,200000001,3,'春期',2023,67),(1000253,300000001,1,'秋期',2023,0),(1000254,200000001,3,'春期',2023,81),(1000254,300000001,1,'秋期',2023,0),(1000255,200000001,3,'春期',2023,90),(1000255,300000001,1,'秋期',2023,0),(1000256,200000001,3,'春期',2023,85),(1000256,300000001,1,'秋期',2023,0),(1000257,200000001,3,'春期',2023,86),(1000257,300000001,1,'秋期',2023,0),(1000258,200000001,3,'春期',2023,80),(1000258,300000001,1,'秋期',2023,0),(1000259,200000001,3,'春期',2023,68),(1000259,300000001,1,'秋期',2023,0),(1000260,200000001,3,'春期',2023,86),(1000260,300000001,1,'秋期',2023,0),(1000261,200000001,3,'春期',2023,76),(1000261,300000001,1,'秋期',2023,0),(1000262,200000001,3,'春期',2023,70),(1000262,300000001,1,'秋期',2023,0),(1000263,200000001,3,'春期',2023,89),(1000263,300000001,1,'秋期',2023,0),(1000264,200000001,3,'春期',2023,93),(1000264,300000001,1,'秋期',2023,0),(1000265,200000001,3,'春期',2023,90),(1000265,300000001,1,'秋期',2023,0),(1000266,200000001,3,'春期',2023,84),(1000266,300000001,1,'秋期',2023,0),(1000267,200000001,3,'春期',2023,69),(1000267,300000001,1,'秋期',2023,0),(1000268,200000001,3,'春期',2023,83),(1000268,300000001,1,'秋期',2023,0),(1000269,200000001,3,'春期',2023,96),(1000269,300000001,1,'秋期',2023,0),(1000270,200000001,3,'春期',2023,83),(1000270,300000001,1,'秋期',2023,0),(1000271,200000001,3,'春期',2023,75),(1000271,300000001,1,'秋期',2023,0),(1000272,200000001,3,'春期',2023,72),(1000272,300000001,1,'秋期',2023,0),(1000273,200000001,3,'春期',2023,95),(1000273,300000001,1,'秋期',2023,0),(1000274,200000001,3,'春期',2023,92),(1000274,300000001,1,'秋期',2023,0),(1000275,200000001,3,'春期',2023,80),(1000275,300000001,1,'秋期',2023,0),(1000276,200000001,3,'春期',2023,90),(1000276,300000001,1,'秋期',2023,0),(1000277,200000001,3,'春期',2023,92),(1000277,300000001,1,'秋期',2023,0),(1000278,200000001,3,'春期',2023,74),(1000278,300000001,1,'秋期',2023,0),(1000279,200000001,3,'春期',2023,90),(1000279,300000001,1,'秋期',2023,0),(1000280,200000001,3,'春期',2023,74),(1000280,300000001,1,'秋期',2023,0),(1000281,200000001,3,'春期',2023,72),(1000281,300000001,1,'秋期',2023,0),(1000282,200000001,3,'春期',2023,77),(1000282,300000001,1,'秋期',2023,0),(1000283,200000001,3,'春期',2023,75),(1000283,300000001,1,'秋期',2023,0),(1000284,200000001,3,'春期',2023,96),(1000284,300000001,1,'秋期',2023,0),(1000285,200000001,3,'春期',2023,93),(1000285,300000001,1,'秋期',2023,0),(1000286,200000001,3,'春期',2023,75),(1000286,300000001,1,'秋期',2023,0),(1000287,200000001,3,'春期',2023,98),(1000287,300000001,1,'秋期',2023,0),(1000288,200000001,3,'春期',2023,69),(1000288,300000001,1,'秋期',2023,0),(1000289,200000001,3,'春期',2023,95),(1000289,300000001,1,'秋期',2023,0),(1000290,200000001,3,'春期',2023,68),(1000290,300000001,1,'秋期',2023,0),(1000291,200000001,3,'春期',2023,77),(1000291,300000001,1,'秋期',2023,0),(1000292,200000001,3,'春期',2023,87),(1000292,300000001,1,'秋期',2023,0),(1000293,200000001,3,'春期',2023,79),(1000293,300000001,1,'秋期',2023,0),(1000294,200000001,3,'春期',2023,89),(1000294,300000001,1,'秋期',2023,0),(1000295,200000001,3,'春期',2023,85),(1000295,300000001,1,'秋期',2023,0),(1000296,200000001,3,'春期',2023,88),(1000296,300000001,1,'秋期',2023,0),(1000297,200000001,3,'春期',2023,84),(1000297,300000001,1,'秋期',2023,0),(1000298,200000001,3,'春期',2023,87),(1000298,300000001,1,'秋期',2023,0),(1000299,200000001,3,'春期',2023,72),(1000299,300000001,1,'秋期',2023,0);
/*!40000 ALTER TABLE `takes` ENABLE KEYS */;
UNLOCK TABLES;
/*!50003 SET @saved_cs_client      = @@character_set_client */ ;
/*!50003 SET @saved_cs_results     = @@character_set_results */ ;
/*!50003 SET @saved_col_connection = @@collation_connection */ ;
/*!50003 SET character_set_client  = utf8mb4 */ ;
/*!50003 SET character_set_results = utf8mb4 */ ;
/*!50003 SET collation_connection  = utf8mb4_0900_ai_ci */ ;
/*!50003 SET @saved_sql_mode       = @@sql_mode */ ;
/*!50003 SET sql_mode              = 'ONLY_FULL_GROUP_BY,STRICT_TRANS_TABLES,NO_ZERO_IN_DATE,NO_ZERO_DATE,ERROR_FOR_DIVISION_BY_ZERO,NO_ENGINE_SUBSTITUTION' */ ;
DELIMITER ;;
/*!50003 CREATE*/ /*!50017 DEFINER=`root`@`localhost`*/ /*!50003 TRIGGER `takes_grade_update` AFTER UPDATE ON `takes` FOR EACH ROW begin
  DECLARE course_cred INT;
  SELECT credits INTO course_cred FROM course WHERE course_Id = new.course_Id;
  IF NEW.grade < 60 AND OLD.grade >= 60 THEN
    UPDATE student SET total_cred = total_cred - course_cred WHERE stu_Id = NEW.stu_Id;
  END if;
  IF NEW.grade >= 60 AND OLD.grade < 60 THEN
    UPDATE student SET total_cred = total_cred + course_cred WHERE stu_Id = NEW.stu_Id;
  END IF;
end */;;
DELIMITER ;
/*!50003 SET sql_mode              = @saved_sql_mode */ ;
/*!50003 SET character_set_client  = @saved_cs_client */ ;
/*!50003 SET character_set_results = @saved_cs_results */ ;
/*!50003 SET collation_connection  = @saved_col_connection */ ;

--
-- Table structure for table `teaches`
--

DROP TABLE IF EXISTS `teaches`;
/*!40101 SET @saved_cs_client     = @@character_set_client */;
/*!50503 SET character_set_client = utf8mb4 */;
CREATE TABLE `teaches` (
  `inst_id` int NOT NULL,
  `course_id` int NOT NULL,
  `sec_id` int NOT NULL,
  `semester` varchar(10) NOT NULL,
  `year` int NOT NULL,
  PRIMARY KEY (`inst_id`,`course_id`,`sec_id`,`semester`,`year`),
  KEY `teaches_FK_1` (`course_id`,`sec_id`,`semester`,`year`),
  CONSTRAINT `teaches_FK` FOREIGN KEY (`inst_id`) REFERENCES `instructor` (`inst_id`) ON DELETE CASCADE ON UPDATE CASCADE,
  CONSTRAINT `teaches_FK_1` FOREIGN KEY (`course_id`, `sec_id`, `semester`, `year`) REFERENCES `section` (`course_id`, `sec_id`, `semester`, `year`) ON DELETE CASCADE ON UPDATE CASCADE
) ENGINE=InnoDB DEFAULT CHARSET=utf8mb4 COLLATE=utf8mb4_0900_ai_ci;
/*!40101 SET character_set_client = @saved_cs_client */;

--
-- Dumping data for table `teaches`
--

LOCK TABLES `teaches` WRITE;
/*!40000 ALTER TABLE `teaches` DISABLE KEYS */;
INSERT INTO `teaches` VALUES (100022,100000001,1,'春期',2023),(100095,100000001,1,'秋期',2023),(100018,100000001,2,'春期',2023),(100036,100000001,2,'秋期',2023),(100018,100000001,3,'春期',2023),(100040,100000001,3,'秋期',2023),(100018,100000001,4,'春期',2023),(100069,100000001,5,'春期',2023),(100040,100000001,6,'春期',2023),(100022,100000002,1,'春期',2023),(100032,100000002,1,'秋期',2023),(100040,100000002,2,'春期',2023),(100090,100000002,2,'秋期',2023),(100000,100000002,3,'春期',2023),(100032,100000002,3,'秋期',2023),(100000,100000002,4,'春期',2023),(100069,100000002,4,'秋期',2023),(100069,100000002,5,'秋期',2023),(100069,100000002,6,'秋期',2023),(100090,100000003,1,'春期',2023),(100069,100000003,1,'秋期',2023),(100040,100000003,2,'春期',2023),(100069,100000003,2,'秋期',2023),(100018,100000003,3,'春期',2023),(100018,100000003,4,'春期',2023),(100032,100000003,5,'春期',2023),(100000,100000004,1,'春期',2023),(100000,100000004,1,'秋期',2023),(100036,100000004,2,'春期',2023),(100090,100000004,2,'秋期',2023),(100022,100000004,3,'春期',2023),(100040,100000004,3,'秋期',2023),(100095,100000004,4,'春期',2023),(100090,100000004,4,'秋期',2023),(100032,100000004,5,'春期',2023),(100022,100000004,5,'秋期',2023),(100000,100000004,6,'春期',2023),(100069,100000005,1,'春期',2023),(100095,100000005,1,'秋期',2023),(100095,100000005,2,'春期',2023),(100095,100000005,2,'秋期',2023),(100095,100000005,3,'春期',2023),(100040,100000005,4,'春期',2023),(100095,100000006,1,'春期',2023),(100069,100000006,1,'秋期',2023),(100000,100000006,2,'春期',2023),(100040,100000006,2,'秋期',2023),(100090,100000006,3,'春期',2023),(100000,100000006,3,'秋期',2023),(100000,100000006,4,'春期',2023),(100040,100000006,4,'秋期',2023),(100040,100000006,5,'春期',2023),(100095,100000006,5,'秋期',2023),(100095,100000006,6,'春期',2023),(100033,110000001,1,'春期',2023),(100033,110000001,1,'秋期',2023),(100011,110000001,2,'春期',2023),(100085,110000001,2,'秋期',2023),(100011,110000001,3,'春期',2023),(100085,110000001,3,'秋期',2023),(100082,110000001,4,'春期',2023),(100033,110000001,4,'秋期',2023),(100085,110000001,5,'春期',2023),(100011,110000002,1,'春期',2023),(100085,110000002,1,'秋期',2023),(100080,110000002,2,'春期',2023),(100011,110000002,2,'秋期',2023),(100080,110000002,3,'春期',2023),(100085,110000002,3,'秋期',2023),(100011,110000002,4,'秋期',2023),(100082,110000002,5,'秋期',2023),(100080,110000003,1,'春期',2023),(100080,110000003,1,'秋期',2023),(100011,110000003,2,'春期',2023),(100033,110000003,2,'秋期',2023),(100082,110000003,3,'春期',2023),(100011,110000003,3,'秋期',2023),(100033,110000003,4,'春期',2023),(100033,110000003,4,'秋期',2023),(100080,110000003,5,'春期',2023),(100085,110000004,1,'春期',2023),(100082,110000004,1,'秋期',2023),(100011,110000004,2,'春期',2023),(100033,110000004,2,'秋期',2023),(100080,110000004,3,'春期',2023),(100011,110000004,3,'秋期',2023),(100085,110000004,4,'春期',2023),(100085,110000004,4,'秋期',2023),(100033,110000004,5,'春期',2023),(100085,110000004,5,'秋期',2023),(100055,110000005,1,'春期',2023),(100011,110000005,1,'秋期',2023),(100085,110000005,2,'春期',2023),(100033,110000005,2,'秋期',2023),(100080,110000005,3,'春期',2023),(100033,110000005,3,'秋期',2023),(100082,110000005,4,'春期',2023),(100011,110000005,4,'秋期',2023),(100011,110000005,5,'春期',2023),(100085,110000005,5,'秋期',2023),(100011,110000005,6,'春期',2023),(100011,110000005,6,'秋期',2023),(100070,120000001,1,'春期',2023),(100020,120000001,1,'秋期',2023),(100035,120000001,2,'春期',2023),(100070,120000001,2,'秋期',2023),(100070,120000001,3,'秋期',2023),(100059,120000001,4,'秋期',2023),(100062,120000001,5,'秋期',2023),(100059,120000001,6,'秋期',2023),(100052,120000002,1,'春期',2023),(100059,120000002,1,'秋期',2023),(100059,120000002,2,'春期',2023),(100035,120000002,2,'秋期',2023),(100052,120000002,3,'春期',2023),(100070,120000002,4,'春期',2023),(100020,120000002,5,'春期',2023),(100070,120000003,1,'春期',2023),(100070,120000003,1,'秋期',2023),(100035,120000003,2,'春期',2023),(100062,120000003,2,'秋期',2023),(100070,120000003,3,'春期',2023),(100035,120000003,3,'秋期',2023),(100052,120000003,4,'春期',2023),(100070,120000003,4,'秋期',2023),(100062,120000003,5,'春期',2023),(100059,120000003,6,'春期',2023),(100035,120000004,1,'春期',2023),(100059,120000004,1,'秋期',2023),(100062,120000004,2,'春期',2023),(100070,120000004,2,'秋期',2023),(100020,120000004,3,'春期',2023),(100035,120000004,3,'秋期',2023),(100047,120000004,4,'春期',2023),(100070,120000004,5,'春期',2023),(100035,120000004,6,'春期',2023),(100062,120000005,1,'春期',2023),(100035,120000005,1,'秋期',2023),(100047,120000005,2,'春期',2023),(100047,120000005,2,'秋期',2023),(100052,120000005,3,'春期',2023),(100035,120000005,3,'秋期',2023),(100020,120000005,4,'春期',2023),(100047,120000005,5,'春期',2023),(100075,130000001,1,'春期',2023),(100004,130000001,1,'秋期',2023),(100079,130000001,2,'春期',2023),(100086,130000001,2,'秋期',2023),(100079,130000001,3,'春期',2023),(100075,130000001,3,'秋期',2023),(100079,130000001,4,'春期',2023),(100075,130000001,4,'秋期',2023),(100004,130000001,5,'春期',2023),(100094,130000002,1,'春期',2023),(100079,130000002,1,'秋期',2023),(100075,130000002,2,'春期',2023),(100027,130000002,2,'秋期',2023),(100086,130000002,3,'春期',2023),(100004,130000002,3,'秋期',2023),(100086,130000002,4,'春期',2023),(100094,130000002,5,'春期',2023),(100086,130000002,6,'春期',2023),(100004,130000003,1,'春期',2023),(100027,130000003,1,'秋期',2023),(100094,130000003,2,'春期',2023),(100027,130000003,2,'秋期',2023),(100094,130000003,3,'春期',2023),(100029,130000003,3,'秋期',2023),(100075,130000003,4,'春期',2023),(100004,130000003,5,'春期',2023),(100094,130000003,6,'春期',2023),(100094,130000004,1,'春期',2023),(100029,130000004,1,'秋期',2023),(100094,130000004,2,'春期',2023),(100094,130000004,2,'秋期',2023),(100094,130000004,3,'春期',2023),(100027,130000004,4,'春期',2023),(100004,130000004,5,'春期',2023),(100086,130000005,1,'春期',2023),(100027,130000005,1,'秋期',2023),(100094,130000005,2,'春期',2023),(100027,130000005,2,'秋期',2023),(100075,130000005,3,'春期',2023),(100027,130000005,3,'秋期',2023),(100004,130000005,4,'春期',2023),(100075,130000005,4,'秋期',2023),(100075,130000006,1,'春期',2023),(100079,130000006,1,'秋期',2023),(100075,130000006,2,'春期',2023),(100029,130000006,2,'秋期',2023),(100075,130000006,3,'春期',2023),(100075,130000006,3,'秋期',2023),(100027,130000006,4,'春期',2023),(100029,130000006,4,'秋期',2023),(100086,130000006,5,'春期',2023),(100086,130000006,5,'秋期',2023),(100075,130000006,6,'春期',2023),(100079,130000007,1,'春期',2023),(100079,130000007,1,'秋期',2023),(100086,130000007,2,'春期',2023),(100094,130000007,2,'秋期',2023),(100004,130000007,3,'春期',2023),(100029,130000007,3,'秋期',2023),(100094,130000007,4,'春期',2023),(100094,130000007,4,'秋期',2023),(100027,130000007,5,'春期',2023),(100094,130000007,5,'秋期',2023),(100079,130000007,6,'春期',2023),(100094,130000008,1,'春期',2023),(100079,130000008,1,'秋期',2023),(100094,130000008,2,'春期',2023),(100004,130000008,2,'秋期',2023),(100004,130000008,3,'春期',2023),(100086,130000008,3,'秋期',2023),(100027,130000008,4,'春期',2023),(100086,130000008,4,'秋期',2023),(100027,130000008,5,'春期',2023),(100027,130000008,5,'秋期',2023),(100029,130000008,6,'秋期',2023),(100029,130000009,1,'春期',2023),(100029,130000009,1,'秋期',2023),(100004,130000009,2,'春期',2023),(100094,130000009,2,'秋期',2023),(100029,130000009,3,'秋期',2023),(100004,130000009,4,'秋期',2023),(100075,130000009,5,'秋期',2023),(100075,130000009,6,'秋期',2023),(100094,130000010,1,'春期',2023),(100029,130000010,1,'秋期',2023),(100086,130000010,2,'春期',2023),(100029,130000010,2,'秋期',2023),(100086,130000010,3,'春期',2023),(100027,130000010,3,'秋期',2023),(100094,130000010,4,'秋期',2023),(100004,130000011,1,'春期',2023),(100027,130000011,1,'秋期',2023),(100079,130000011,2,'春期',2023),(100079,130000011,2,'秋期',2023),(100004,130000011,3,'春期',2023),(100029,130000011,4,'春期',2023),(100053,140000001,1,'春期',2023),(100043,140000001,1,'秋期',2023),(100049,140000001,2,'春期',2023),(100021,140000001,2,'秋期',2023),(100053,140000001,3,'春期',2023),(100043,140000001,3,'秋期',2023),(100053,140000001,4,'春期',2023),(100043,140000002,1,'春期',2023),(100021,140000002,1,'秋期',2023),(100043,140000002,2,'春期',2023),(100083,140000002,2,'秋期',2023),(100049,140000002,3,'春期',2023),(100043,140000002,3,'秋期',2023),(100049,140000002,4,'春期',2023),(100053,140000002,4,'秋期',2023),(100083,140000002,5,'春期',2023),(100083,140000002,6,'春期',2023),(100083,140000003,1,'春期',2023),(100083,140000003,1,'秋期',2023),(100021,140000003,2,'春期',2023),(100083,140000003,2,'秋期',2023),(100053,140000003,3,'秋期',2023),(100021,140000004,1,'春期',2023),(100083,140000004,1,'秋期',2023),(100043,140000004,2,'春期',2023),(100021,140000004,2,'秋期',2023),(100053,140000004,3,'春期',2023),(100043,140000004,3,'秋期',2023),(100043,140000004,4,'春期',2023),(100021,140000004,4,'秋期',2023),(100043,140000004,5,'春期',2023),(100053,140000005,1,'春期',2023),(100043,140000005,1,'秋期',2023),(100049,140000005,2,'春期',2023),(100043,140000005,2,'秋期',2023),(100083,140000005,3,'春期',2023),(100021,140000005,4,'春期',2023),(100053,140000005,5,'春期',2023),(100049,140000005,6,'春期',2023),(100053,140000006,1,'春期',2023),(100053,140000006,1,'秋期',2023),(100021,140000006,2,'春期',2023),(100021,140000006,2,'秋期',2023),(100049,140000006,3,'春期',2023),(100049,140000006,3,'秋期',2023),(100053,140000006,4,'春期',2023),(100053,140000006,4,'秋期',2023),(100053,140000006,5,'春期',2023),(100043,140000006,5,'秋期',2023),(100043,140000006,6,'春期',2023),(100049,140000006,6,'秋期',2023),(100021,140000007,1,'春期',2023),(100049,140000007,1,'秋期',2023),(100043,140000007,2,'春期',2023),(100083,140000007,2,'秋期',2023),(100021,140000007,3,'春期',2023),(100043,140000007,3,'秋期',2023),(100053,140000007,4,'春期',2023),(100049,140000007,4,'秋期',2023),(100043,140000007,5,'春期',2023),(100043,140000007,5,'秋期',2023),(100049,140000008,1,'春期',2023),(100043,140000008,1,'秋期',2023),(100053,140000008,2,'春期',2023),(100083,140000008,2,'秋期',2023),(100083,140000008,3,'春期',2023),(100083,140000008,4,'春期',2023),(100083,140000008,5,'春期',2023),(100053,140000009,1,'春期',2023),(100049,140000009,1,'秋期',2023),(100083,140000009,2,'春期',2023),(100083,140000009,2,'秋期',2023),(100021,140000009,3,'春期',2023),(100083,140000009,3,'秋期',2023),(100043,140000009,4,'春期',2023),(100021,140000009,4,'秋期',2023),(100043,140000010,1,'春期',2023),(100043,140000010,1,'秋期',2023),(100049,140000010,2,'春期',2023),(100043,140000010,2,'秋期',2023),(100021,140000010,3,'春期',2023),(100021,140000010,4,'春期',2023),(100006,200000001,1,'春期',2023),(100013,200000001,1,'秋期',2023),(100002,200000001,2,'春期',2023),(100077,200000001,2,'秋期',2023),(100006,200000001,3,'春期',2023),(100077,200000001,3,'秋期',2023),(100077,200000001,4,'春期',2023),(100002,200000001,5,'春期',2023),(100009,200000002,1,'春期',2023),(100002,200000002,1,'秋期',2023),(100006,200000002,2,'春期',2023),(100013,200000002,2,'秋期',2023),(100006,200000002,3,'春期',2023),(100009,200000002,4,'春期',2023),(100009,200000003,1,'春期',2023),(100013,200000003,1,'秋期',2023),(100002,200000003,2,'春期',2023),(100006,200000003,2,'秋期',2023),(100006,200000003,3,'春期',2023),(100077,200000003,3,'秋期',2023),(100009,200000003,4,'秋期',2023),(100009,200000004,1,'春期',2023),(100013,200000004,1,'秋期',2023),(100077,200000004,2,'春期',2023),(100013,200000004,2,'秋期',2023),(100006,200000004,3,'春期',2023),(100009,200000004,3,'秋期',2023),(100013,200000004,4,'春期',2023),(100009,200000004,4,'秋期',2023),(100077,200000004,5,'春期',2023),(100009,200000004,5,'秋期',2023),(100002,200000004,6,'秋期',2023),(100009,200000005,1,'春期',2023),(100006,200000005,1,'秋期',2023),(100002,200000005,2,'春期',2023),(100077,200000005,2,'秋期',2023),(100006,200000005,3,'春期',2023),(100013,200000005,3,'秋期',2023),(100077,200000005,4,'秋期',2023),(100013,200000005,5,'秋期',2023),(100009,200000005,6,'秋期',2023),(100056,300000001,1,'春期',2023),(100034,300000001,1,'秋期',2023),(100008,300000001,2,'春期',2023),(100056,300000001,2,'秋期',2023),(100073,300000001,3,'春期',2023),(100073,300000001,3,'秋期',2023),(100099,300000001,4,'春期',2023),(100016,300000001,4,'秋期',2023),(100099,300000001,5,'秋期',2023),(100073,300000001,6,'秋期',2023),(100008,300000002,1,'春期',2023),(100074,300000002,1,'秋期',2023),(100088,300000002,2,'春期',2023),(100099,300000002,2,'秋期',2023),(100088,300000002,3,'春期',2023),(100056,300000002,4,'春期',2023),(100008,300000002,5,'春期',2023),(100016,300000003,1,'春期',2023),(100099,300000003,1,'秋期',2023),(100034,300000003,2,'春期',2023),(100065,300000003,2,'秋期',2023),(100074,300000003,3,'春期',2023),(100065,300000003,3,'秋期',2023),(100034,300000003,4,'春期',2023),(100008,300000003,4,'秋期',2023),(100016,300000003,5,'秋期',2023),(100073,300000004,1,'春期',2023),(100088,300000004,1,'秋期',2023),(100073,300000004,2,'春期',2023),(100016,300000004,2,'秋期',2023),(100088,300000004,3,'春期',2023),(100099,300000004,3,'秋期',2023),(100065,300000004,4,'秋期',2023),(100016,300000004,5,'秋期',2023),(100074,300000005,1,'春期',2023),(100008,300000005,1,'秋期',2023),(100088,300000005,2,'春期',2023),(100074,300000005,2,'秋期',2023),(100056,300000005,3,'春期',2023),(100099,300000005,3,'秋期',2023),(100073,300000005,4,'春期',2023),(100088,300000005,5,'春期',2023),(100034,300000005,6,'春期',2023),(100088,300000006,1,'春期',2023),(100008,300000006,1,'秋期',2023),(100065,300000006,2,'春期',2023),(100065,300000006,2,'秋期',2023),(100088,300000006,3,'秋期',2023),(100056,300000006,4,'秋期',2023),(100099,300000006,5,'秋期',2023),(100056,300000006,6,'秋期',2023),(100065,300000007,1,'春期',2023),(100016,300000007,1,'秋期',2023),(100016,300000007,2,'春期',2023),(100056,300000007,2,'秋期',2023),(100008,300000007,3,'春期',2023),(100099,300000007,3,'秋期',2023),(100034,300000007,4,'春期',2023),(100034,300000007,4,'秋期',2023),(100060,400000001,1,'春期',2023),(100038,400000001,1,'秋期',2023),(100066,400000001,2,'春期',2023),(100066,400000001,2,'秋期',2023),(100066,400000002,1,'春期',2023),(100038,400000002,1,'秋期',2023),(100038,400000002,2,'春期',2023),(100038,400000002,2,'秋期',2023),(100048,400000002,3,'春期',2023),(100066,400000002,3,'秋期',2023),(100038,400000002,4,'春期',2023),(100060,400000002,4,'秋期',2023),(100060,400000002,5,'秋期',2023),(100066,400000003,1,'春期',2023),(100060,400000003,1,'秋期',2023),(100060,400000003,2,'春期',2023),(100048,400000003,2,'秋期',2023),(100048,400000004,1,'春期',2023),(100060,400000004,1,'秋期',2023),(100038,400000004,2,'春期',2023),(100038,400000004,2,'秋期',2023),(100060,400000004,3,'春期',2023),(100048,400000004,3,'秋期',2023),(100038,400000004,4,'春期',2023),(100060,400000004,4,'秋期',2023),(100038,400000004,5,'春期',2023),(100060,400000004,5,'秋期',2023),(100060,400000004,6,'春期',2023),(100048,400000004,6,'秋期',2023),(100038,400000005,1,'春期',2023),(100060,400000005,1,'秋期',2023),(100038,400000005,2,'春期',2023),(100066,400000005,2,'秋期',2023),(100038,400000005,3,'春期',2023),(100066,400000005,3,'秋期',2023),(100048,400000005,4,'春期',2023),(100037,500000001,1,'春期',2023),(100078,500000001,1,'秋期',2023),(100076,500000001,2,'春期',2023),(100058,500000001,2,'秋期',2023),(100078,500000001,3,'春期',2023),(100092,500000001,3,'秋期',2023),(100092,500000001,4,'秋期',2023),(100092,500000001,5,'秋期',2023),(100037,500000001,6,'秋期',2023),(100064,500000002,1,'春期',2023),(100078,500000002,1,'秋期',2023),(100012,500000002,2,'春期',2023),(100015,500000002,2,'秋期',2023),(100076,500000002,3,'春期',2023),(100037,500000002,3,'秋期',2023),(100078,500000002,4,'春期',2023),(100012,500000002,4,'秋期',2023),(100078,500000002,5,'春期',2023),(100078,500000002,5,'秋期',2023),(100019,500000002,6,'春期',2023),(100093,600000001,1,'春期',2023),(100044,600000001,1,'秋期',2023),(100014,600000001,2,'春期',2023),(100039,600000001,2,'秋期',2023),(100010,600000001,3,'春期',2023),(100039,600000001,3,'秋期',2023),(100044,600000001,4,'春期',2023),(100039,600000001,4,'秋期',2023),(100093,600000001,5,'春期',2023),(100014,600000002,1,'春期',2023),(100093,600000002,1,'秋期',2023),(100093,600000002,2,'春期',2023),(100039,600000002,2,'秋期',2023),(100051,600000002,3,'春期',2023),(100093,600000002,3,'秋期',2023),(100010,600000002,4,'春期',2023),(100014,600000002,4,'秋期',2023),(100041,600000002,5,'春期',2023),(100014,600000002,5,'秋期',2023),(100039,600000003,1,'春期',2023),(100041,600000003,1,'秋期',2023),(100014,600000003,2,'春期',2023),(100041,600000003,2,'秋期',2023),(100014,600000003,3,'春期',2023),(100031,600000003,3,'秋期',2023),(100031,600000003,4,'春期',2023),(100031,600000003,4,'秋期',2023),(100044,600000003,5,'秋期',2023),(100041,600000003,6,'秋期',2023),(100031,600000004,1,'春期',2023),(100031,600000004,1,'秋期',2023),(100010,600000004,2,'春期',2023),(100041,600000004,2,'秋期',2023),(100044,600000004,3,'春期',2023),(100010,600000004,4,'春期',2023),(100051,600000004,5,'春期',2023),(100010,600000005,1,'春期',2023),(100044,600000005,1,'秋期',2023),(100031,600000005,2,'春期',2023),(100051,600000005,2,'秋期',2023),(100010,600000005,3,'春期',2023),(100014,600000005,3,'秋期',2023),(100051,600000005,4,'春期',2023),(100039,600000005,4,'秋期',2023),(100093,600000006,1,'春期',2023),(100014,600000006,1,'秋期',2023),(100051,600000006,2,'春期',2023),(100014,600000006,2,'秋期',2023),(100014,600000006,3,'春期',2023),(100093,600000006,3,'秋期',2023),(100051,600000006,4,'春期',2023),(100041,600000006,4,'秋期',2023),(100093,600000006,5,'春期',2023),(100071,700000001,1,'春期',2023),(100007,700000001,1,'秋期',2023),(100096,700000001,2,'春期',2023),(100007,700000001,2,'秋期',2023),(100007,700000001,3,'秋期',2023),(100096,700000002,1,'春期',2023),(100087,700000002,1,'秋期',2023),(100007,700000002,2,'春期',2023),(100087,700000002,2,'秋期',2023),(100007,700000002,3,'春期',2023),(100024,700000002,3,'秋期',2023),(100007,700000002,4,'春期',2023),(100071,700000002,4,'秋期',2023),(100024,700000002,5,'春期',2023),(100024,700000002,5,'秋期',2023),(100024,700000002,6,'秋期',2023),(100071,700000003,1,'春期',2023),(100071,700000003,1,'秋期',2023),(100087,700000003,2,'春期',2023),(100007,700000003,2,'秋期',2023),(100024,700000003,3,'春期',2023),(100007,700000004,1,'春期',2023),(100007,700000004,1,'秋期',2023),(100007,700000004,2,'春期',2023),(100024,700000004,2,'秋期',2023),(100096,700000004,3,'秋期',2023),(100071,700000005,1,'春期',2023),(100024,700000005,1,'秋期',2023),(100024,700000005,2,'春期',2023),(100071,700000005,2,'秋期',2023),(100096,700000005,3,'春期',2023),(100024,700000005,3,'秋期',2023),(100024,700000005,4,'春期',2023),(100007,700000005,4,'秋期',2023),(100007,700000005,5,'春期',2023),(100007,700000005,6,'春期',2023),(100071,700000006,1,'春期',2023),(100007,700000006,1,'秋期',2023),(100024,700000006,2,'春期',2023),(100007,700000006,2,'秋期',2023),(100024,700000006,3,'春期',2023),(100071,700000006,3,'秋期',2023),(100087,700000006,4,'春期',2023),(100024,700000007,1,'春期',2023),(100024,700000007,1,'秋期',2023),(100007,700000007,2,'春期',2023),(100087,700000007,2,'秋期',2023),(100081,800000001,1,'春期',2023),(100001,800000001,1,'秋期',2023),(100050,800000001,2,'春期',2023),(100050,800000001,2,'秋期',2023),(100084,800000002,1,'春期',2023),(100084,800000002,1,'秋期',2023),(100050,800000002,2,'春期',2023),(100050,800000002,2,'秋期',2023),(100050,800000002,3,'春期',2023),(100050,800000002,3,'秋期',2023),(100097,800000002,4,'春期',2023),(100081,800000002,4,'秋期',2023),(100097,800000002,5,'春期',2023),(100050,800000002,5,'秋期',2023),(100084,800000002,6,'秋期',2023),(100026,800000003,1,'春期',2023),(100081,800000003,1,'秋期',2023),(100081,800000003,2,'春期',2023),(100001,800000003,2,'秋期',2023),(100050,800000003,3,'春期',2023),(100026,800000003,3,'秋期',2023),(100084,800000003,4,'秋期',2023),(100084,800000003,5,'秋期',2023),(100097,800000003,6,'秋期',2023),(100001,800000004,1,'春期',2023),(100050,800000004,1,'秋期',2023),(100097,800000004,2,'春期',2023),(100026,800000004,2,'秋期',2023),(100026,800000005,1,'春期',2023),(100026,800000005,1,'秋期',2023),(100050,800000005,2,'春期',2023),(100050,800000005,2,'秋期',2023),(100084,800000005,3,'春期',2023),(100081,800000005,4,'春期',2023),(100026,800000005,5,'春期',2023),(100001,800000006,1,'春期',2023),(100084,800000006,1,'秋期',2023),(100026,800000006,2,'春期',2023),(100001,800000006,2,'秋期',2023),(100026,800000006,3,'春期',2023),(100097,800000006,3,'秋期',2023),(100072,900000001,1,'春期',2023),(100023,900000001,1,'秋期',2023),(100023,900000001,2,'春期',2023),(100061,900000001,2,'秋期',2023),(100023,900000001,3,'春期',2023),(100061,900000001,3,'秋期',2023),(100061,900000001,4,'秋期',2023),(100045,900000002,1,'春期',2023),(100072,900000002,1,'秋期',2023),(100045,900000002,2,'春期',2023),(100063,900000002,2,'秋期',2023),(100023,900000002,3,'春期',2023),(100003,900000002,3,'秋期',2023),(100023,900000002,4,'春期',2023),(100028,900000002,4,'秋期',2023),(100045,900000002,5,'春期',2023),(100023,900000002,5,'秋期',2023),(100003,900000002,6,'春期',2023),(100003,900000003,1,'春期',2023),(100003,900000003,1,'秋期',2023),(100028,900000003,2,'春期',2023),(100028,900000003,2,'秋期',2023),(100061,900000003,3,'春期',2023),(100023,900000003,3,'秋期',2023),(100023,900000003,4,'春期',2023),(100072,900000003,4,'秋期',2023),(100003,900000003,5,'秋期',2023),(100023,900000004,1,'春期',2023),(100028,900000004,1,'秋期',2023),(100003,900000004,2,'春期',2023),(100028,900000004,2,'秋期',2023),(100063,900000004,3,'春期',2023),(100045,900000004,3,'秋期',2023),(100028,900000004,4,'秋期',2023),(100003,900000004,5,'秋期',2023),(100023,900000004,6,'秋期',2023),(100061,900000005,1,'春期',2023),(100003,900000005,1,'秋期',2023),(100023,900000005,2,'春期',2023),(100061,900000005,2,'秋期',2023),(100046,900000005,3,'春期',2023),(100063,900000005,4,'春期',2023),(100045,900000005,5,'春期',2023),(100091,990000001,1,'春期',2023),(100054,990000001,1,'秋期',2023),(100098,990000001,2,'春期',2023),(100005,990000001,2,'秋期',2023),(100068,990000001,3,'春期',2023),(100098,990000001,3,'秋期',2023),(100054,990000001,4,'秋期',2023),(100057,990000002,1,'春期',2023),(100067,990000002,1,'秋期',2023),(100005,990000002,2,'春期',2023),(100025,990000002,2,'秋期',2023),(100054,990000002,3,'春期',2023),(100042,990000002,3,'秋期',2023),(100030,990000002,4,'春期',2023),(100098,990000002,4,'秋期',2023),(100005,990000002,5,'春期',2023),(100030,990000003,1,'春期',2023),(100030,990000003,1,'秋期',2023),(100042,990000003,2,'春期',2023),(100068,990000003,2,'秋期',2023),(100068,990000003,3,'春期',2023),(100067,990000003,3,'秋期',2023),(100017,990000003,4,'春期',2023),(100068,990000003,5,'春期',2023),(100025,990000003,6,'春期',2023),(100067,990000004,1,'春期',2023),(100054,990000004,1,'秋期',2023),(100098,990000004,2,'春期',2023),(100025,990000004,2,'秋期',2023),(100025,990000004,3,'春期',2023),(100042,990000004,3,'秋期',2023),(100091,990000004,4,'春期',2023),(100057,990000004,4,'秋期',2023),(100091,990000004,5,'秋期',2023),(100042,990000005,1,'春期',2023),(100057,990000005,1,'秋期',2023),(100054,990000005,2,'春期',2023),(100030,990000005,2,'秋期',2023),(100017,990000005,3,'秋期',2023),(100068,990000006,1,'春期',2023),(100067,990000006,1,'秋期',2023),(100017,990000006,2,'春期',2023),(100025,990000006,2,'秋期',2023),(100042,990000006,3,'春期',2023),(100091,990000006,4,'春期',2023),(100005,990000006,5,'春期',2023),(100098,990000006,6,'春期',2023),(100042,990000007,1,'春期',2023),(100098,990000007,1,'秋期',2023),(100098,990000007,2,'春期',2023),(100054,990000007,2,'秋期',2023),(100068,990000007,3,'春期',2023),(100025,990000007,3,'秋期',2023),(100091,990000007,4,'春期',2023),(100098,990000007,4,'秋期',2023),(100091,990000007,5,'春期',2023),(100025,990000008,1,'春期',2023),(100067,990000008,1,'秋期',2023),(100091,990000008,2,'春期',2023),(100042,990000008,2,'秋期',2023),(100057,990000008,3,'春期',2023),(100098,990000008,3,'秋期',2023),(100057,990000008,4,'秋期',2023);
/*!40000 ALTER TABLE `teaches` ENABLE KEYS */;
UNLOCK TABLES;

--
-- Table structure for table `time_slot`
--

DROP TABLE IF EXISTS `time_slot`;
/*!40101 SET @saved_cs_client     = @@character_set_client */;
/*!50503 SET character_set_client = utf8mb4 */;
CREATE TABLE `time_slot` (
  `time_slot_id` int NOT NULL,
  `day` varchar(10) NOT NULL,
  `start_hr` int NOT NULL,
  `start_min` int NOT NULL,
  `end_hr` int DEFAULT NULL,
  `end_min` int DEFAULT NULL,
  PRIMARY KEY (`time_slot_id`)
) ENGINE=InnoDB DEFAULT CHARSET=utf8mb4 COLLATE=utf8mb4_0900_ai_ci;
/*!40101 SET character_set_client = @saved_cs_client */;

--
-- Dumping data for table `time_slot`
--

LOCK TABLES `time_slot` WRITE;
/*!40000 ALTER TABLE `time_slot` DISABLE KEYS */;
INSERT INTO `time_slot` VALUES (1,'星期一',8,15,9,0),(2,'星期一',9,10,9,55),(3,'星期一',10,15,11,0),(4,'星期一',11,10,11,55),(5,'星期一',13,50,14,35),(6,'星期一',14,45,15,30),(7,'星期一',15,40,16,25),(8,'星期一',16,45,17,30),(9,'星期一',17,40,18,25),(10,'星期一',19,20,20,5),(11,'星期一',20,15,21,0),(12,'星期一',21,10,21,55),(13,'星期二',8,15,9,0),(14,'星期二',9,10,9,55),(15,'星期二',10,15,11,0),(16,'星期二',11,10,11,55),(17,'星期二',13,50,14,35),(18,'星期二',14,45,15,30),(19,'星期二',15,40,16,25),(20,'星期二',16,45,17,30),(21,'星期二',17,40,18,25),(22,'星期二',19,20,20,5),(23,'星期二',20,15,21,0),(24,'星期二',21,10,21,55),(25,'星期三',8,15,9,0),(26,'星期三',9,10,9,55),(27,'星期三',10,15,11,0),(28,'星期三',11,10,11,55),(29,'星期三',13,50,14,35),(30,'星期三',14,45,15,30),(31,'星期三',15,40,16,25),(32,'星期三',16,45,17,30),(33,'星期三',17,40,18,25),(34,'星期三',19,20,20,5),(35,'星期三',20,15,21,0),(36,'星期三',21,10,21,55),(37,'星期四',8,15,9,0),(38,'星期四',9,10,9,55),(39,'星期四',10,15,11,0),(40,'星期四',11,10,11,55),(41,'星期四',13,50,14,35),(42,'星期四',14,45,15,30),(43,'星期四',15,40,16,25),(44,'星期四',16,45,17,30),(45,'星期四',17,40,18,25),(46,'星期四',19,20,20,5),(47,'星期四',20,15,21,0),(48,'星期四',21,10,21,55),(49,'星期五',8,15,9,0),(50,'星期五',9,10,9,55),(51,'星期五',10,15,11,0),(52,'星期五',11,10,11,55),(53,'星期五',13,50,14,35),(54,'星期五',14,45,15,30),(55,'星期五',15,40,16,25),(56,'星期五',16,45,17,30),(57,'星期五',17,40,18,25),(58,'星期五',19,20,20,5),(59,'星期五',20,15,21,0),(60,'星期五',21,10,21,55),(61,'星期六',8,15,9,0),(62,'星期六',9,10,9,55),(63,'星期六',10,15,11,0),(64,'星期六',11,10,11,55),(65,'星期六',13,50,14,35),(66,'星期六',14,45,15,30),(67,'星期六',15,40,16,25),(68,'星期六',16,45,17,30),(69,'星期六',17,40,18,25),(70,'星期六',19,20,20,5),(71,'星期六',20,15,21,0),(72,'星期六',21,10,21,55),(73,'星期日',8,15,9,0),(74,'星期日',9,10,9,55),(75,'星期日',10,15,11,0),(76,'星期日',11,10,11,55),(77,'星期日',13,50,14,35),(78,'星期日',14,45,15,30),(79,'星期日',15,40,16,25),(80,'星期日',16,45,17,30),(81,'星期日',17,40,18,25),(82,'星期日',19,20,20,5),(83,'星期日',20,15,21,0),(84,'星期日',21,10,21,55);
/*!40000 ALTER TABLE `time_slot` ENABLE KEYS */;
UNLOCK TABLES;

--
-- Dumping routines for database 'dbsim'
--
/*!40103 SET TIME_ZONE=@OLD_TIME_ZONE */;

/*!40101 SET SQL_MODE=@OLD_SQL_MODE */;
/*!40014 SET FOREIGN_KEY_CHECKS=@OLD_FOREIGN_KEY_CHECKS */;
/*!40014 SET UNIQUE_CHECKS=@OLD_UNIQUE_CHECKS */;
/*!40101 SET CHARACTER_SET_CLIENT=@OLD_CHARACTER_SET_CLIENT */;
/*!40101 SET CHARACTER_SET_RESULTS=@OLD_CHARACTER_SET_RESULTS */;
/*!40101 SET COLLATION_CONNECTION=@OLD_COLLATION_CONNECTION */;
/*!40111 SET SQL_NOTES=@OLD_SQL_NOTES */;

-- Dump completed on 2023-06-16 11:28:23
